t,theta_big,theta_small,dtheta_big,dtheta_small,tau_big,tau_small,axis,held_target,mcu2_seq,gravity_ax,gravity_ay
0.0001,51.161820,0.002301,0.003880,-0.000000,0.052804,0.000000,0,0.249923,63,0.315261,0.185734
0.0101,51.162011,0.002301,0.004363,-0.000000,0.010393,0.000802,0,0.249923,73,0.315568,0.186159
0.0201,51.162589,0.003068,0.009821,-0.000000,0.029923,-0.003463,0,0.249923,83,0.315692,0.185967
0.0301,51.165360,0.002301,-0.008204,-0.000000,0.033987,0.023950,0,0.249923,93,0.316453,0.184629
0.0401,51.164036,0.003068,0.022463,-0.000000,0.083151,0.024004,0,0.249923,103,0.315936,0.185315
0.0501,51.164854,0.003835,0.076492,-0.000000,0.123363,0.045068,0,0.249923,113,0.316715,0.183491
0.0601,51.166018,0.004630,0.100150,0.036652,0.170768,0.069075,0,0.249923,123,0.317606,0.184148
0.0701,51.173068,0.007038,0.031980,0.172783,0.239816,0.077013,0,0.249923,133,0.321480,0.184040
0.0801,51.176377,0.008532,0.103953,0.112617,0.289718,0.115036,0,0.249923,143,0.328938,0.181564
0.0901,51.176778,0.010879,0.224610,0.170670,0.356687,0.136697,0,0.249923,153,0.331775,0.179890
0.1001,51.179370,0.013978,0.362090,0.204941,0.416449,0.160841,0,0.249923,163,0.334373,0.178940
0.1101,51.181807,0.018529,0.430012,0.361962,0.493752,0.178118,0,0.249923,173,0.338917,0.180780
0.1201,51.183601,0.026475,0.487074,0.641281,0.578450,0.171575,0,0.249923,183,0.342088,0.177539
0.1301,51.185773,0.035696,0.542463,0.814961,0.652666,0.182877,0,0.249923,193,0.342738,0.175874
0.1401,51.187893,0.048728,0.490924,1.079604,0.766406,0.158697,0,0.249923,203,0.346515,0.177855
0.1501,51.190245,0.064106,0.463412,1.312057,0.856527,0.141167,0,0.249923,213,0.353346,0.175056
0.1601,51.192699,0.078540,0.398537,1.448206,0.946187,0.154308,0,0.249923,223,0.353896,0.174582
0.1701,51.195363,0.093831,0.411248,1.479489,1.000000,0.142816,0,0.249923,233,0.354497,0.176139
0.1801,51.198372,0.109847,0.518103,1.506942,1.000000,0.125475,0,0.249923,243,0.358734,0.176397
0.1901,51.202449,0.126586,0.521704,1.563387,1.000000,0.100256,0,0.249923,253,0.363428,0.175051
0.2001,51.206810,0.141214,0.562122,1.472809,1.000000,0.102296,0,0.249923,7,0.368649,0.174889
0.2101,51.211047,0.155443,0.638894,1.374289,1.000000,0.084860,0,0.249923,17,0.369704,0.174729
0.2201,51.216764,0.169338,0.649727,1.302382,1.000000,0.064442,0,0.249923,27,0.371737,0.169342
0.2301,51.223474,0.181369,0.663795,1.185984,1.000000,0.060053,0,0.249923,37,0.377604,0.166633
0.2401,51.231560,0.192787,0.710392,1.026649,1.000000,0.041385,0,0.249923,47,0.383105,0.161838
0.2501,51.240418,0.200274,0.795919,0.805742,1.000000,0.060746,0,0.249923,57,0.386960,0.156367
0.2601,51.249553,0.206133,0.887001,0.579486,1.000000,0.057349,0,0.249923,67,0.389890,0.151430
0.2701,51.259738,0.210611,0.983347,0.454122,1.000000,0.052090,0,0.249923,77,0.393249,0.147152
0.2801,51.271137,0.212682,1.063621,0.269923,1.000000,0.063098,0,0.249923,87,0.395893,0.144703
0.2901,51.283517,0.214045,1.186388,0.064535,1.000000,0.061151,0,0.249923,97,0.399390,0.141615
0.3001,51.295576,0.213997,1.264801,0.007488,1.000000,0.072473,0,0.249923,107,0.401705,0.137711
0.3101,51.308519,0.213991,1.257542,0.000869,1.000000,0.071936,0,0.249923,117,0.403426,0.135718
0.3201,51.323131,0.213167,1.369756,-0.122578,1.000000,0.081751,0,0.249923,127,0.408446,0.133091
0.3301,51.336301,0.211639,1.493088,-0.162709,1.000000,0.091850,0,0.249923,137,0.412310,0.128466
0.3401,51.351908,0.210818,1.498559,-0.111448,1.000000,0.086427,0,0.249923,147,0.415315,0.119461
0.3501,51.366933,0.210068,1.549406,-0.105500,1.000000,0.087204,0,0.249923,157,0.418797,0.115176
0.3601,51.381478,0.210138,1.543766,-0.018784,1.000000,0.078872,0,0.249923,167,0.420409,0.108582
0.3701,51.397600,0.210154,1.577375,-0.002179,0.986694,0.079384,0,0.249923,177,0.419690,0.101131
0.3801,51.413153,0.210155,1.605815,-0.000253,0.950217,0.079518,0,0.249923,187,0.420161,0.095675
0.3901,51.428859,0.210923,1.653149,-0.000029,0.921580,0.070329,0,0.249923,197,0.422194,0.089681
0.4001,51.444710,0.211690,1.692626,-0.000003,0.887348,0.068797,0,0.249923,207,0.424143,0.083547
0.4101,51.461122,0.211690,1.696026,-0.000000,0.842633,0.076467,0,0.249923,217,0.425774,0.078546
0.4201,51.477667,0.211690,1.712196,-0.000000,0.809796,0.076468,0,0.249923,227,0.427350,0.073730
0.4301,51.494805,0.211690,1.737648,-0.000000,0.770887,0.076468,0,0.249923,237,0.429194,0.066316
0.4401,51.511947,0.211690,1.777090,-0.000000,0.730187,0.076468,0,0.249923,247,0.430670,0.061949
0.4501,51.529144,0.211690,1.817640,-0.000000,0.691465,0.076468,0,0.249923,1,0.432242,0.054586
0.4601,51.547577,0.211690,1.834376,-0.000000,0.650049,0.076468,0,0.249923,11,0.433709,0.046112
0.4701,51.565755,0.211690,1.865107,-0.000000,0.612576,0.076468,0,0.249923,21,0.435417,0.037932
0.4801,51.584846,0.211690,1.893677,-0.000000,0.572327,0.076468,0,0.249923,31,0.435064,0.030529
0.4901,51.603073,0.211690,1.929224,-0.000000,0.528326,0.076468,0,0.249923,41,0.435026,0.022035
0.5001,51.621694,0.211690,1.971543,-0.000000,0.486677,0.076468,0,0.249923,51,0.436176,0.014537
0.5101,51.641137,0.211690,1.992023,-0.000000,0.444042,0.076468,0,0.249923,61,0.436874,0.007491
0.5201,51.660132,0.212457,2.014899,-0.000000,0.425593,0.067264,0,0.249923,71,0.436556,0.003924
0.5301,51.680310,0.211690,2.036840,-0.000000,0.353555,0.084137,0,0.249923,81,0.436383,-0.003988
0.5401,51.699991,0.211690,2.043570,-0.000000,0.320052,0.076468,0,0.249923,91,0.435558,-0.011373
0.5501,51.721436,0.212457,2.101613,-0.000000,0.279100,0.067264,0,0.249923,101,0.436825,-0.019451
0.5601,51.743780,0.212457,2.105636,-0.000000,0.230353,0.074934,0,0.249923,111,0.438310,-0.026885
0.5701,51.765585,0.211670,2.148989,-0.039309,0.178933,0.084376,0,0.249923,121,0.437576,-0.035422
0.5801,51.786060,0.210920,2.171197,-0.004561,0.128722,0.085501,0,0.249923,131,0.435201,-0.044886
0.5901,51.808140,0.211689,2.241124,-0.000529,0.094715,0.068777,0,0.249923,141,0.433813,-0.052622
0.6001,51.830251,0.211690,2.265389,-0.000061,0.038044,0.076465,0,0.249923,151,0.435160,-0.060137
0.6101,51.852163,0.211690,2.272787,-0.000007,-0.008144,0.076467,0,0.249923,161,0.432827,-0.068651
0.6201,51.872370,0.211690,2.346867,-0.000001,-0.059800,0.076467,0,0.249923,171,0.428875,-0.078342
0.6301,51.887147,0.213246,2.394816,0.036652,-0.095278,0.057791,0,0.249923,181,0.424620,-0.085920
0.6401,51.891348,0.215576,2.374145,0.096822,-0.138171,0.045396,0,0.249923,191,0.420919,-0.093642
0.6501,51.881883,0.218728,2.266845,0.221924,-0.177588,0.030871,0,0.249923,201,0.415166,-0.101854
0.6601,51.859252,0.225016,2.169263,0.426136,-0.187187,-0.013069,0,0.249923,211,0.405802,-0.109067
0.6701,51.863829,0.236872,1.973146,1.025962,-0.189132,-0.092459,0,0.249923,221,0.378288,-0.115979
0.6801,51.886526,0.250165,1.361021,1.199763,-0.201507,-0.133416,0,0.249923,231,0.377958,-0.118667
0.6901,51.894157,0.262462,1.029149,1.194121,-0.188358,-0.148040,0,0.249923,241,0.382698,-0.118174
0.7001,51.899936,0.275385,0.672609,1.212731,-0.165153,-0.180156,0,0.249923,251,0.366571,-0.136424
0.7101,51.908292,0.285298,0.483103,0.985885,-0.174888,-0.169884,0,0.249923,5,0.370233,-0.136188
0.7201,51.915005,0.291014,0.348980,0.622416,-0.180077,-0.139341,0,0.249923,15,0.381834,-0.131780
0.7301,51.918698,0.296532,0.131999,0.498413,-0.149296,-0.148393,0,0.249923,25,0.374363,-0.149933
0.7401,51.921416,0.299524,0.059650,0.367632,-0.152173,-0.129127,0,0.249923,35,0.370002,-0.156848
0.7501,51.922901,0.300706,0.044147,0.075872,-0.142891,-0.113380,0,0.249923,45,0.371308,-0.148421
0.7601,51.922623,0.302213,-0.105822,0.028934,-0.115394,-0.119650,0,0.249923,55,0.370872,-0.148629
0.7701,51.921784,0.302197,-0.362803,0.003357,-0.097358,-0.104383,0,0.249923,65,0.375987,-0.147597
0.7801,51.920100,0.298887,-0.467383,-0.232139,-0.094927,-0.064831,0,0.249923,75,0.388586,-0.141055
0.7901,51.918276,0.295056,-0.476920,-0.390669,-0.073152,-0.051952,0,0.249923,85,0.394085,-0.135687
0.8001,51.915796,0.290290,-0.469897,-0.508175,-0.051502,-0.033073,0,0.249923,95,0.396294,-0.134785
0.8101,51.912300,0.284248,-0.437702,-0.607836,-0.055220,-0.008233,0,0.249923,105,0.396296,-0.126183
0.8201,51.910607,0.277749,-0.390619,-0.701903,-0.035699,0.009343,0,0.249923,115,0.395362,-0.118445
0.8301,51.909690,0.272523,-0.411079,-0.636856,-0.022473,0.007054,0,0.249923,125,0.393051,-0.117023
0.8401,51.906460,0.267354,-0.401088,-0.592657,-0.016192,0.016832,0,0.249923,135,0.395207,-0.115338
0.8501,51.903019,0.262613,-0.456839,-0.531612,0.003272,0.022029,0,0.249923,145,0.398924,-0.115109
0.8601,51.902181,0.258214,-0.503682,-0.485219,0.008646,0.027410,0,0.249923,155,0.400642,-0.114784
0.8701,51.901949,0.254177,-0.503006,-0.456943,0.029765,0.031863,0,0.249923,165,0.402419,-0.119646
0.8801,51.903876,0.250529,-0.488217,-0.439904,0.036876,0.035264,0,0.249923,175,0.386310,-0.057337
0.8901,51.907215,0.246562,-0.445163,-0.436804,0.045326,0.046396,0,0.249923,185,0.400522,-0.119713
0.9001,51.915274,0.242959,-0.457975,-0.360483,0.047391,0.049956,0,0.249923,195,0.398837,-0.112310
0.9101,51.925289,0.239813,-0.463379,-0.319534,0.061508,0.051681,0,0.249923,205,0.401964,-0.107429
0.9201,51.935894,0.237598,-0.408722,-0.324848,0.071392,0.046807,0,0.249923,215,0.405950,-0.100968
0.9301,51.944824,0.234491,-0.415850,-0.291576,0.069948,0.061931,0,0.249923,225,0.408915,-0.097644
0.9401,51.949173,0.230506,-0.312108,-0.436875,0.071913,0.078680,0,0.249923,235,0.412851,-0.095640
0.9501,51.946883,0.224415,-0.095050,-0.599563,0.043866,0.111932,0,0.249923,245,0.414917,-0.095136
0.9601,51.946654,0.219711,0.015813,-0.599431,0.054832,0.107464,0,0.249923,255,0.415303,-0.097965
0.9701,51.946453,0.215234,0.135954,-0.471922,0.037929,0.114150,0,0.249923,9,0.418302,-0.097501
0.9801,51.945697,0.212141,0.238709,-0.381166,0.032231,0.106486,0,0.249923,19,0.418065,-0.098639
0.9901,51.946540,0.210688,0.301354,-0.261458,0.025043,0.093003,0,0.249923,29,0.414657,-0.100632
1.0001,51.945939,0.210878,0.257779,-0.046945,0.022659,0.076194,0,0.249923,39,0.411193,-0.100770
1.0101,51.946062,0.211707,0.315441,0.031205,0.012317,0.068143,0,0.249923,49,0.408441,-0.098897
1.0201,51.945963,0.214096,0.244351,0.155543,0.014616,0.047768,0,0.249923,59,0.405253,-0.099080
1.0301,51.945957,0.217215,0.213696,0.203186,0.015285,0.034228,0,0.249923,69,0.403395,-0.099505
1.0401,51.945599,0.219466,0.186715,0.208714,0.007127,0.038399,0,0.249923,79,0.401327,-0.099016
1.0501,51.945825,0.222557,0.184128,0.185532,0.013723,0.023821,0,0.249923,89,0.398793,-0.099732
1.0601,51.945606,0.224919,0.121560,0.223274,0.005615,0.026392,0,0.249923,99,0.398126,-0.101399
1.0701,51.945369,0.226343,0.122581,0.185494,-0.000743,0.032915,0,0.249923,109,0.398247,-0.099302
1.0801,51.945858,0.227812,0.229186,0.021523,-0.000497,0.029537,0,0.249923,119,0.400186,-0.101827
1.0901,51.945262,0.228572,0.199242,0.012563,-0.006788,0.035100,0,0.249923,129,0.401469,-0.103536
1.1001,51.944697,0.229332,0.162662,0.001458,-0.004044,0.033589,0,0.249923,139,0.402104,-0.104478
1.1101,51.944403,0.229330,0.156965,0.000169,-0.012348,0.041197,0,0.249923,149,0.401372,-0.105414
1.1201,51.943921,0.229330,0.137717,0.000020,-0.012346,0.041187,0,0.249923,159,0.400089,-0.106657
1.1301,51.944041,0.230097,0.147968,0.000002,-0.005404,0.031982,0,0.249923,169,0.399563,-0.103310
1.1401,51.943647,0.231631,0.146465,0.000000,-0.001117,0.021244,0,0.249923,179,0.400413,-0.102984
1.1501,51.942981,0.231631,0.102812,0.000000,-0.013396,0.036584,0,0.249923,189,0.399098,-0.099519
1.1601,51.943526,0.232398,0.061359,0.000000,-0.001510,0.027380,0,0.249923,199,0.397247,-0.098715
1.1701,51.943828,0.232398,0.062772,0.000000,-0.010383,0.035050,0,0.249923,209,0.397511,-0.100649
1.1801,51.943030,0.232398,0.023912,0.000000,-0.008397,0.035050,0,0.249923,219,0.398241,-0.100699
1.1901,51.943588,0.233165,0.000771,0.000000,0.003876,0.025846,0,0.249923,229,0.399927,-0.101581
1.2001,51.943276,0.233165,-0.033335,0.000000,-0.000619,0.033516,0,0.249923,239,0.400717,-0.102285
1.2101,51.943393,0.232321,0.003758,-0.091447,-0.004360,0.043649,0,0.249923,249,0.400335,-0.103155
1.2201,51.944112,0.232389,-0.058576,-0.010610,0.007863,0.034387,0,0.249923,3,0.400664,-0.102881
1.2301,51.943712,0.231630,-0.060861,-0.001231,-0.001627,0.044177,0,0.249923,13,0.401653,-0.102663
1.2401,51.943654,0.231601,-0.033232,-0.032236,0.007510,0.036934,0,0.249923,23,0.401718,-0.100155
1.2501,51.944216,0.230820,-0.022463,-0.040392,-0.001869,0.046019,0,0.249923,33,0.402328,-0.099603
1.2601,51.943655,0.230842,-0.036452,-0.041339,0.006972,0.037937,0,0.249923,43,0.401079,-0.096311
1.2701,51.944150,0.230076,-0.015342,-0.041448,-0.003687,0.047361,0,0.249923,53,0.401509,-0.095793
1.2801,51.943669,0.230862,-0.014523,-0.004809,0.013432,0.030265,0,0.249923,63,0.401910,-0.094419
1.2901,51.944150,0.230097,-0.021936,-0.000558,-0.004754,0.047299,0,0.249923,73,0.403127,-0.094819
1.3001,51.943754,0.229319,-0.035445,-0.016673,-0.001773,0.048994,0,0.249923,83,0.402680,-0.095834
1.3101,51.944565,0.229322,0.028861,-0.012000,0.001721,0.041173,0,0.249923,93,0.402662,-0.096404
1.3201,51.943693,0.229329,0.018952,-0.001392,-0.000611,0.041109,0,0.249923,103,0.402544,-0.096089
1.3301,51.943791,0.229330,0.019287,-0.000162,-0.001462,0.041180,0,0.249923,113,0.402263,-0.096441
1.3401,51.943800,0.230097,0.026319,-0.000019,0.006331,0.031981,0,0.249923,123,0.402281,-0.096983
1.3501,51.943894,0.230097,0.024070,-0.000002,-0.001688,0.039652,0,0.249923,133,0.401957,-0.097295
1.3601,51.943874,0.230097,0.002831,-0.000000,0.000458,0.039652,0,0.249923,143,0.401375,-0.096582
1.3701,51.944099,0.230097,0.037141,-0.000000,-0.002645,0.039652,0,0.249923,153,0.401550,-0.096046
1.3801,51.943788,0.230864,0.019077,-0.000000,0.006890,0.030448,0,0.249923,163,0.401282,-0.092682
1.3901,51.943886,0.230864,0.004258,-0.000000,0.000155,0.038118,0,0.249923,173,0.402404,-0.094123
1.4001,51.943959,0.230864,-0.016046,-0.000000,0.002746,0.038118,0,0.249923,183,0.401346,-0.091531
1.4101,51.944252,0.230864,-0.010331,-0.000000,0.002267,0.038118,0,0.249923,193,0.401534,-0.092220
1.4201,51.943962,0.230864,-0.015668,-0.000000,0.003695,0.038118,0,0.249923,203,0.401928,-0.092287
1.4301,51.944073,0.230859,0.013382,-0.010066,0.002082,0.038183,0,0.249923,213,0.402093,-0.091925
1.4401,51.943865,0.230864,-0.010983,-0.001168,0.002980,0.038073,0,0.249923,223,0.402601,-0.092634
1.4501,51.943961,0.230864,-0.008446,-0.000136,0.003830,0.038112,0,0.249923,233,0.402134,-0.092886
1.4601,51.943967,0.230864,-0.002340,-0.000016,0.002752,0.038117,0,0.249923,243,0.401576,-0.092523
1.4701,51.943964,0.230097,-0.006965,-0.000002,-0.006604,0.047322,0,0.249923,253,0.401785,-0.091504
1.4801,51.943970,0.230864,0.001499,-0.000000,0.011014,0.030448,0,0.249923,7,0.402139,-0.091443
1.4901,51.943987,0.230864,0.020614,-0.000000,0.000254,0.038118,0,0.249923,17,0.402727,-0.091113
1.5002,51.943768,0.230864,-0.016314,-0.000000,0.002559,0.038118,0,0.249923,27,0.401680,-0.089402
1.5101,51.944553,0.230846,0.014279,-0.023824,0.003579,0.038336,0,0.249923,37,0.401790,-0.090001
1.5201,51.943974,0.230862,0.003801,-0.002764,0.002637,0.037963,0,0.249923,47,0.401982,-0.089766
1.5301,51.944149,0.230864,-0.012553,-0.000321,0.003351,0.038100,0,0.249923,55,0.402513,-0.089145
1.5401,51.943963,0.230864,-0.006964,-0.000037,0.003906,0.038116,0,0.249923,65,0.402839,-0.089293
1.5501,51.944256,0.230864,0.001523,-0.000004,0.003748,0.038118,0,0.249923,75,0.402635,-0.090699
1.5601,51.944066,0.230864,-0.000024,-0.000001,0.002748,0.038118,0,0.249923,85,0.402298,-0.089942
1.5701,51.944165,0.230864,0.004835,-0.000000,0.002934,0.038118,0,0.249923,95,0.401987,-0.089088
1.5801,51.944258,0.230864,0.004142,-0.000000,0.002862,0.038118,0,0.249923,105,0.402834,-0.089474
1.5901,51.944069,0.230864,0.003042,-0.000000,0.002566,0.038118,0,0.249923,115,0.402961,-0.088712
1.6001,51.944066,0.230864,0.000306,-0.000000,0.002895,0.038118,0,0.249923,125,0.402598,-0.088345
1.6101,51.943965,0.230864,-0.000388,-0.000000,0.003270,0.038118,0,0.249923,135,0.402455,-0.087552
1.6201,51.943968,0.230864,-0.000639,-0.000000,0.003296,0.038118,0,0.249923,145,0.402503,-0.088140
1.6301,51.944151,0.230864,-0.011196,-0.000000,0.003616,0.038118,0,0.249923,155,0.402773,-0.087263
1.6401,51.944248,0.230864,-0.014514,-0.000000,0.004318,0.038118,0,0.249923,165,0.402946,-0.086494
1.6501,51.944157,0.230864,-0.006125,-0.000000,0.004492,0.038118,0,0.249923,175,0.403085,-0.087550
1.6601,51.944251,0.230097,-0.008764,-0.000000,-0.004520,0.047322,0,0.249923,185,0.402357,-0.086855
1.6701,51.944169,0.230864,0.014458,-0.000000,0.010731,0.030448,0,0.249923,195,0.402479,-0.086338
1.6801,51.944063,0.230864,-0.001253,-0.000000,0.003016,0.038118,0,0.249923,205,0.403442,-0.086820
1.6901,51.943869,0.230864,-0.003522,-0.000000,0.004023,0.038118,0,0.249923,215,0.402540,-0.086035
1.7001,51.944255,0.230864,-0.003493,-0.000000,0.003563,0.038118,0,0.249923,225,0.402208,-0.085660
1.7101,51.944059,0.230864,-0.004707,-0.000000,0.004683,0.038118,0,0.249923,235,0.402254,-0.085854
1.7201,51.944171,0.230864,0.015537,-0.000000,0.003779,0.038118,0,0.249923,245,0.403037,-0.084879
1.7301,51.944064,0.230864,-0.001880,-0.000000,0.003583,0.038118,0,0.249923,255,0.403184,-0.085142
1.7401,51.944155,0.230097,-0.007236,-0.000000,-0.004285,0.047322,0,0.249923,9,0.402736,-0.085462
1.7501,51.944164,0.230864,0.008210,-0.000000,0.011790,0.030448,0,0.249923,19,0.403283,-0.084702
1.7601,51.943984,0.230864,0.011651,-0.000000,0.001742,0.038118,0,0.249923,29,0.404051,-0.084782
1.7701,51.943958,0.230864,-0.023926,-0.000000,0.005965,0.038118,0,0.249923,39,0.402390,-0.081522
1.7801,51.944544,0.230864,0.000545,-0.000000,0.004228,0.038118,0,0.249923,49,0.403052,-0.082830
1.7901,51.944065,0.230864,-0.002258,-0.000000,0.003664,0.038118,0,0.249923,59,0.402905,-0.081945
1.8001,51.944347,0.230864,-0.005695,-0.000000,0.004700,0.038118,0,0.249923,69,0.403419,-0.083591
1.8101,51.944260,0.230864,0.005771,-0.000000,0.003615,0.038118,0,0.249923,79,0.403184,-0.081534
1.8201,51.944251,0.230864,-0.009716,-0.000000,0.004113,0.038118,0,0.249923,89,0.403391,-0.081990
1.8301,51.944152,0.230864,-0.014510,-0.000000,0.005731,0.038118,0,0.249923,99,0.402985,-0.081092
1.8401,51.944263,0.230864,0.009799,-0.000000,0.003828,0.038118,0,0.249923,109,0.402760,-0.080258
1.8501,51.944254,0.230864,-0.002565,-0.000000,0.004221,0.038118,0,0.249923,119,0.403155,-0.079848
1.8601,51.944348,0.230864,-0.007687,-0.000000,0.004927,0.038118,0,0.249923,129,0.403182,-0.080083
1.8701,51.944164,0.230864,0.003985,-0.000000,0.004380,0.038118,0,0.249923,139,0.402756,-0.079020
1.8801,51.944247,0.230864,-0.011360,-0.000000,0.004896,0.038118,0,0.249923,149,0.403011,-0.079346
1.8901,51.944250,0.230864,-0.007128,-0.000000,0.005686,0.038118,0,0.249923,159,0.403037,-0.079080
1.9001,51.944257,0.230864,0.000714,-0.000000,0.004649,0.038118,0,0.249923,169,0.402957,-0.078809
1.9101,51.944256,0.230864,-0.008979,-0.000000,0.005131,0.038118,0,0.249923,179,0.403452,-0.078475
1.9201,51.944256,0.230864,0.000041,-0.000000,0.005353,0.038118,0,0.249923,188,0.403761,-0.079107
1.9301,51.944263,0.230864,0.011395,-0.000000,0.003961,0.038118,0,0.249923,198,0.403257,-0.078629
1.9401,51.944255,0.230864,-0.002694,-0.000000,0.004365,0.038118,0,0.249923,208,0.403449,-0.077961
1.9501,51.944249,0.230864,-0.011706,-0.000000,0.005803,0.038118,0,0.249923,218,0.403930,-0.078606
1.9601,51.944258,0.230864,0.003899,-0.000000,0.005051,0.038118,0,0.249923,228,0.403791,-0.077785
1.9701,51.944250,0.230864,-0.007995,-0.000000,0.005079,0.038118,0,0.249923,238,0.403478,-0.076733
1.9801,51.944254,0.230864,-0.001712,-0.000000,0.005677,0.038118,0,0.249923,248,0.403199,-0.076657
1.9901,51.944350,0.230864,0.002632,-0.000000,0.005627,0.038118,0,0.249923,2,0.403194,-0.076159
2.0001,51.944250,0.230864,-0.003993,-0.000000,0.005759,0.038118,0,0.249923,12,0.403407,-0.076013
2.0101,51.944255,0.230864,-0.001292,-0.000000,0.005937,0.038118,0,0.249923,22,0.403340,-0.075962
2.0201,51.944357,0.230864,0.006621,-0.000000,0.005822,0.038118,0,0.249923,32,0.403371,-0.075492
2.0301,51.944250,0.230864,-0.012379,-0.000000,0.006312,0.038118,0,0.249923,42,0.403493,-0.074916
2.0401,51.944341,0.230864,-0.019272,-0.000000,0.007154,0.038118,0,0.249923,52,0.403234,-0.074134
2.0501,51.944349,0.230864,-0.004129,-0.000000,0.005589,0.038118,0,0.249923,62,0.403299,-0.074189
2.0601,51.944353,0.230864,0.001462,-0.000000,0.005513,0.038118,0,0.249923,72,0.403399,-0.074187
2.0701,51.944258,0.230864,-0.003307,-0.000000,0.005909,0.038118,0,0.249923,82,0.403084,-0.073265
2.0801,51.944255,0.230864,-0.006021,-0.000000,0.006400,0.038118,0,0.249923,92,0.403274,-0.072732
2.0901,51.944255,0.230864,0.000091,-0.000000,0.006042,0.038118,0,0.249923,102,0.403425,-0.073029
2.1001,51.944258,0.230864,0.002106,-0.000000,0.006370,0.038118,0,0.249923,112,0.403383,-0.072186
2.1101,51.944352,0.230864,-0.008467,-0.000000,0.006054,0.038118,0,0.249923,122,0.403680,-0.071703
2.1201,51.944245,0.230864,-0.015264,-0.000000,0.007634,0.038118,0,0.249923,132,0.403796,-0.072150
2.1301,51.944246,0.230864,-0.013479,-0.000000,0.006852,0.038118,0,0.249923,142,0.403775,-0.072287
2.1401,51.944355,0.230864,0.004042,-0.000000,0.006106,0.038118,0,0.249923,152,0.404020,-0.071310
2.1501,51.944257,0.230864,-0.001479,-0.000000,0.006855,0.038118,0,0.249923,162,0.403965,-0.072162
2.1601,51.944259,0.230864,0.000354,-0.000000,0.005991,0.038118,0,0.249923,172,0.403569,-0.071267
2.1701,51.944358,0.230864,0.002509,-0.000000,0.005861,0.038118,0,0.249923,182,0.403916,-0.070994
2.1801,51.944251,0.230864,-0.008469,-0.000000,0.006996,0.038118,0,0.249923,192,0.403588,-0.070701
2.1901,51.944360,0.230864,0.013482,-0.000000,0.005962,0.038118,0,0.249923,202,0.403516,-0.070196
2.2001,51.944352,0.230864,0.001102,-0.000000,0.005920,0.038118,0,0.249923,212,0.403767,-0.069806
2.2101,51.944347,0.230097,-0.010824,-0.000000,-0.002584,0.047322,0,0.249923,222,0.403312,-0.069748
2.2201,51.944352,0.230864,-0.002508,-0.000000,0.014675,0.030448,0,0.249923,232,0.403303,-0.069104
2.2301,51.944267,0.230864,0.010571,-0.000000,0.004967,0.038118,0,0.249923,242,0.404107,-0.068398
2.2401,51.944148,0.230864,-0.019458,-0.000000,0.007916,0.038118,0,0.249923,252,0.403106,-0.068040
2.2501,51.944734,0.230864,-0.002881,-0.000000,0.008013,0.038118,0,0.249923,6,0.403017,-0.068414
2.2601,51.944443,0.230864,-0.003213,-0.000000,0.007295,0.038118,0,0.249923,16,0.403128,-0.068255
2.2701,51.944637,0.230864,-0.003318,-0.000000,0.007288,0.038118,0,0.249923,26,0.403465,-0.067661
2.2801,51.944542,0.230864,-0.003356,-0.000000,0.007751,0.038118,0,0.249923,36,0.403838,-0.067361
2.2901,51.944355,0.230864,0.004069,-0.000000,0.006600,0.038118,0,0.249923,46,0.403514,-0.066987
2.3001,51.944539,0.230864,-0.008544,-0.000000,0.007634,0.038118,0,0.249923,56,0.403217,-0.066984
2.3101,51.944447,0.230864,-0.000778,-0.000000,0.007537,0.038118,0,0.249923,66,0.403084,-0.065863
2.3201,51.944641,0.230864,0.000943,-0.000000,0.006888,0.038118,0,0.249923,76,0.403590,-0.065726
2.3301,51.944440,0.230864,-0.012362,-0.000000,0.007916,0.038118,0,0.249923,86,0.403572,-0.065415
2.3401,51.944547,0.230864,0.007999,-0.000000,0.006948,0.038118,0,0.249923,96,0.403646,-0.065268
2.3501,51.944542,0.230864,-0.007179,-0.000000,0.007045,0.038118,0,0.249923,106,0.403624,-0.065862
2.3601,51.944538,0.230864,-0.002604,-0.000000,0.007715,0.038118,0,0.249923,116,0.403612,-0.065586
2.3701,51.944542,0.230864,-0.000495,-0.000000,0.007430,0.038118,0,0.249923,126,0.403889,-0.065692
2.3801,51.944538,0.230864,-0.007757,-0.000000,0.007692,0.038118,0,0.249923,136,0.404116,-0.064918
2.3901,51.944546,0.230864,0.002139,-0.000000,0.007872,0.038118,0,0.249923,146,0.404084,-0.064785
2.4001,51.944541,0.230864,-0.006770,-0.000000,0.008172,0.038118,0,0.249923,156,0.403710,-0.064594
2.4101,51.944448,0.230864,-0.003367,-0.000000,0.007874,0.038118,0,0.249923,166,0.403761,-0.063655
2.4201,51.944639,0.230864,-0.002097,-0.000000,0.007938,0.038118,0,0.249923,176,0.404267,-0.063548
2.4301,51.944546,0.230864,0.004651,-0.000000,0.008212,0.038118,0,0.249923,186,0.404000,-0.062349
2.4401,51.944540,0.230864,-0.004677,-0.000000,0.007583,0.038118,0,0.249923,196,0.404039,-0.063064
2.4501,51.944545,0.230864,0.001543,-0.000000,0.007741,0.038118,0,0.249923,206,0.404050,-0.062636
2.4601,51.944548,0.230864,0.003920,-0.000000,0.007432,0.038118,0,0.249923,216,0.404035,-0.062222
2.4701,51.944535,0.230864,-0.011924,-0.000000,0.009089,0.038118,0,0.249923,226,0.403846,-0.061612
2.4801,51.944552,0.230864,0.012788,-0.000000,0.007381,0.038118,0,0.249923,236,0.404376,-0.061522
2.4901,51.944540,0.230864,-0.006448,-0.000000,0.007806,0.038118,0,0.249923,246,0.404143,-0.060119
2.5001,51.944533,0.230864,-0.019180,-0.000000,0.009275,0.038118,0,0.249923,0,0.403798,-0.059711
2.5101,51.944547,0.230864,0.005329,-0.000000,0.008595,0.038118,0,0.249923,10,0.403786,-0.059386
2.5201,51.944547,0.230864,0.005572,-0.000000,0.007126,0.038118,0,0.249923,20,0.404151,-0.059454
2.5301,51.944639,0.230864,-0.001887,-0.000000,0.008405,0.038118,0,0.249923,30,0.403979,-0.058771
2.5401,51.944544,0.230864,0.001049,-0.000000,0.007854,0.038118,0,0.249923,40,0.403576,-0.058664
2.5501,51.944551,0.230864,0.012369,-0.000000,0.007551,0.038118,0,0.249923,50,0.403977,-0.058212
2.5601,51.944536,0.230864,-0.013369,-0.000000,0.008344,0.038118,0,0.249923,60,0.404164,-0.058100
2.5701,51.944538,0.230864,-0.009777,-0.000000,0.009013,0.038118,0,0.249923,70,0.403625,-0.057602
2.5801,51.944547,0.230864,0.003472,-0.000000,0.008136,0.038118,0,0.249923,80,0.404281,-0.057861
2.5901,51.944536,0.230864,-0.012576,-0.000000,0.008202,0.038118,0,0.249923,90,0.404375,-0.057612
2.6001,51.944536,0.230864,-0.009836,-0.000000,0.009532,0.038118,0,0.249923,100,0.404029,-0.057601
2.6101,51.944734,0.230864,-0.000017,-0.000000,0.008447,0.038118,0,0.249923,110,0.404470,-0.056837
2.6201,51.944540,0.230864,-0.003739,-0.000000,0.008530,0.038118,0,0.249923,120,0.404602,-0.057160
2.6301,51.944542,0.230864,-0.001438,-0.000000,0.009236,0.038118,0,0.249923,130,0.404122,-0.057633
2.6401,51.944545,0.230864,0.003560,-0.000000,0.008810,0.038118,0,0.249923,140,0.404264,-0.056076
2.6501,51.944640,0.230864,-0.001177,-0.000000,0.008317,0.038118,0,0.249923,150,0.404727,-0.057158
2.6601,51.944534,0.230864,-0.014076,-0.000000,0.009437,0.038118,0,0.249923,160,0.404436,-0.056759
2.6701,51.944551,0.230864,0.005667,-0.000000,0.007792,0.038118,0,0.249923,170,0.404267,-0.055640
2.6801,51.944547,0.230864,0.004193,-0.000000,0.009262,0.038118,0,0.249923,180,0.404400,-0.055542
2.6901,51.944540,0.230864,-0.003596,-0.000000,0.008900,0.038118,0,0.249923,190,0.404554,-0.055708
2.7001,51.944544,0.230864,0.003399,-0.000000,0.008967,0.038118,0,0.249923,200,0.404665,-0.055840
2.7101,51.944636,0.230864,-0.005723,-0.000000,0.009181,0.038118,0,0.249923,210,0.404671,-0.055037
2.7201,51.944643,0.230864,0.006244,-0.000000,0.009167,0.038118,0,0.249923,220,0.404965,-0.054900
2.7301,51.944737,0.230864,0.000260,-0.000000,0.009227,0.038118,0,0.249923,230,0.404982,-0.055294
2.7401,51.944543,0.230864,-0.002444,-0.000000,0.008770,0.038118,0,0.249923,240,0.404787,-0.055192
2.7501,51.944642,0.230864,0.002480,-0.000000,0.009304,0.038118,0,0.249923,250,0.405124,-0.054823
2.7601,51.944540,0.230864,-0.000265,-0.000000,0.009199,0.038118,0,0.249923,4,0.405341,-0.055191
2.7701,51.944642,0.230864,0.000534,-0.000000,0.008710,0.038118,0,0.249923,14,0.404722,-0.054240
2.7801,51.944545,0.230864,-0.000865,-0.000000,0.009192,0.038118,0,0.249923,24,0.405057,-0.053846
2.7901,51.944729,0.230864,-0.005437,-0.000000,0.009486,0.038118,0,0.249923,34,0.405197,-0.054119
2.8001,51.944635,0.230864,-0.005817,-0.000000,0.009300,0.038118,0,0.249923,44,0.405119,-0.054001
2.8101,51.944741,0.230864,0.003739,-0.000000,0.009063,0.038118,0,0.249923,54,0.405758,-0.054360
2.8201,51.944541,0.230864,-0.008552,-0.000000,0.009640,0.038118,0,0.249923,64,0.405607,-0.053853
2.8301,51.944538,0.230864,-0.003600,-0.000000,0.010146,0.038118,0,0.249923,74,0.405726,-0.054279
2.8401,51.944648,0.230864,0.009125,-0.000000,0.008878,0.038118,0,0.249923,84,0.405893,-0.053252
2.8501,51.944538,0.230864,-0.007994,-0.000000,0.009630,0.038118,0,0.249923,94,0.405822,-0.053380
2.8601,51.944640,0.230864,0.002847,-0.000000,0.010044,0.038118,0,0.249923,104,0.405699,-0.053500
2.8701,51.944545,0.230864,-0.003512,-0.000000,0.009243,0.038118,0,0.249923,114,0.405815,-0.052598
2.8801,51.944531,0.230864,-0.015917,-0.000000,0.009577,0.038118,0,0.249923,124,0.405957,-0.052207
2.8901,51.944631,0.230864,-0.002899,-0.000000,0.010777,0.038118,0,0.249923,134,0.405869,-0.052231
2.9001,51.944539,0.230864,-0.007128,-0.000000,0.009638,0.038118,0,0.249923,144,0.405676,-0.051541
2.9101,51.944534,0.230864,-0.011991,-0.000000,0.009524,0.038118,0,0.249923,154,0.405589,-0.050973
2.9201,51.944635,0.230864,-0.004661,-0.000000,0.010364,0.038118,0,0.249923,164,0.405851,-0.051173
2.9301,51.944557,0.230864,0.011158,-0.000000,0.008586,0.038118,0,0.249923,174,0.406106,-0.051448
2.9401,51.944522,0.230864,-0.013024,-0.000000,0.010271,0.038118,0,0.249923,184,0.406017,-0.051013
2.9501,51.944547,0.230864,0.006851,-0.000000,0.009640,0.038118,0,0.249923,194,0.405862,-0.050822
2.9601,51.944751,0.230864,0.015877,-0.000000,0.009386,0.038118,0,0.249923,204,0.405753,-0.049719
2.9701,51.944537,0.230864,-0.008441,-0.000000,0.010470,0.038118,0,0.249923,214,0.406100,-0.049837
2.9801,51.944638,0.230864,0.003976,-0.000000,0.010235,0.038118,0,0.249923,224,0.406091,-0.050263
2.9901,51.944646,0.230864,0.009268,-0.000000,0.008990,0.038118,0,0.249923,234,0.405967,-0.049228
3.0001,51.944533,0.230864,-0.011822,-0.000000,0.009998,0.038118,0,0.249923,244,0.406117,-0.048509
3.0101,51.944542,0.230864,-0.006181,-0.000000,0.010687,0.038118,0,0.249923,254,0.405100,-0.045694
3.0201,51.944546,0.230864,0.002998,-0.000000,0.009615,0.038118,0,0.249923,8,0.405462,-0.046118
3.0301,51.944631,0.230864,-0.009469,-0.000000,0.010062,0.038118,0,0.249923,18,0.406316,-0.048135
3.0401,51.944634,0.230864,-0.005582,-0.000000,0.010778,0.038118,0,0.249923,28,0.406127,-0.048643
3.0501,51.944545,0.230864,-0.001738,-0.000000,0.010077,0.038118,0,0.249923,38,0.406055,-0.048151
3.0601,51.944638,0.230864,-0.004452,-0.000000,0.009573,0.038118,0,0.249923,48,0.405752,-0.044960
3.0701,51.944739,0.230864,0.006779,-0.000000,0.010501,0.038118,0,0.249923,58,0.405752,-0.046157
3.0801,51.944735,0.230864,-0.001767,-0.000000,0.009879,0.038118,0,0.249923,68,0.405610,-0.045040
3.0901,51.944733,0.230864,-0.005990,-0.000000,0.010736,0.038118,0,0.249923,78,0.405976,-0.044681
3.1001,51.944637,0.230864,-0.005138,-0.000000,0.010787,0.038118,0,0.249923,88,0.405724,-0.045035
3.1101,51.944641,0.230864,-0.001694,-0.000000,0.009965,0.038118,0,0.249923,98,0.405950,-0.044908
3.1201,51.944636,0.230864,-0.003219,-0.000000,0.010388,0.038118,0,0.249923,108,0.406034,-0.044450
3.1301,51.944636,0.230864,-0.003004,-0.000000,0.010511,0.038118,0,0.249923,118,0.405540,-0.044443
3.1401,51.944646,0.230864,0.006290,-0.000000,0.009858,0.038118,0,0.249923,128,0.405948,-0.044118
3.1501,51.944732,0.230864,-0.008292,-0.000000,0.010033,0.038118,0,0.249923,138,0.405976,-0.043806
3.1601,51.944639,0.230864,0.000226,-0.000000,0.010583,0.038118,0,0.249923,148,0.405666,-0.043618
3.1701,51.944640,0.230864,0.000552,-0.000000,0.010255,0.038118,0,0.249923,158,0.405896,-0.043666
3.1801,51.944634,0.230864,-0.009095,-0.000000,0.010288,0.038118,0,0.249923,168,0.405930,-0.043617
3.1901,51.944642,0.230864,0.004437,-0.000000,0.010804,0.038118,0,0.249923,178,0.405825,-0.043236
3.2001,51.944730,0.230864,-0.005137,-0.000000,0.010761,0.038118,0,0.249923,188,0.405888,-0.043456
3.2101,51.944745,0.230864,0.003034,-0.000000,0.009995,0.038118,0,0.249923,198,0.405983,-0.043568
3.2201,51.944736,0.230864,0.004194,-0.000000,0.010871,0.038118,0,0.249923,208,0.406077,-0.042930
3.2301,51.944736,0.230864,-0.001795,-0.000000,0.010579,0.038118,0,0.249923,218,0.405984,-0.042731
3.2401,51.944731,0.230864,-0.007221,-0.000000,0.011009,0.038118,0,0.249923,228,0.405707,-0.042211
3.2501,51.944736,0.230864,-0.000144,-0.000000,0.010529,0.038118,0,0.249923,238,0.406217,-0.042214
3.2601,51.944537,0.230864,-0.013053,-0.000000,0.011015,0.038118,0,0.249923,248,0.406122,-0.041800
3.2701,51.944734,0.230864,-0.004377,-0.000000,0.011293,0.038118,0,0.249923,2,0.405516,-0.041458
3.2801,51.944640,0.230864,0.000538,-0.000000,0.010851,0.038118,0,0.249923,12,0.405828,-0.041389
3.2901,51.944732,0.230864,0.000603,-0.000000,0.010972,0.038118,0,0.249923,22,0.405975,-0.041112
3.3001,51.944730,0.230864,-0.005651,-0.000000,0.011407,0.038118,0,0.249923,32,0.405593,-0.041109
3.3101,51.944738,0.230864,0.002544,-0.000000,0.010838,0.038118,0,0.249923,42,0.405850,-0.040726
3.3201,51.944638,0.230864,-0.006541,-0.000000,0.010948,0.038118,0,0.249923,52,0.406021,-0.040086
3.3301,51.944728,0.230864,-0.010859,-0.000000,0.012172,0.038118,0,0.249923,62,0.405534,-0.039665
3.3401,51.944740,0.230864,0.007201,-0.000000,0.011203,0.038118,0,0.249923,72,0.405495,-0.039606
3.3501,51.944741,0.230864,0.007393,-0.000000,0.010443,0.038118,0,0.249923,82,0.406056,-0.039830
3.3601,51.944725,0.230864,-0.013408,-0.000000,0.012356,0.038118,0,0.249923,92,0.405806,-0.039272
3.3701,51.944743,0.230864,0.004739,-0.000000,0.011333,0.038118,0,0.249923,102,0.405978,-0.039687
3.3801,51.944734,0.230864,-0.003226,-0.000000,0.011329,0.038118,0,0.249923,112,0.406183,-0.038641
3.3901,51.944719,0.230864,-0.019067,-0.000000,0.012523,0.038118,0,0.249923,122,0.406173,-0.038705
3.4001,51.944742,0.230864,0.008085,-0.000000,0.011153,0.038118,0,0.249923,132,0.406022,-0.038368
3.4101,51.944737,0.230864,-0.001932,-0.000000,0.011101,0.038118,0,0.249923,142,0.405998,-0.038072
3.4201,51.944731,0.230864,-0.003203,-0.000000,0.012174,0.038118,0,0.249923,152,0.406031,-0.037895
3.4301,51.944724,0.230864,-0.010758,-0.000000,0.012788,0.038118,0,0.249923,162,0.405935,-0.038124
3.4401,51.944741,0.230864,0.009157,-0.000000,0.011347,0.038118,0,0.249923,172,0.405935,-0.036727
3.4501,51.944820,0.230864,-0.013422,-0.000000,0.012503,0.038118,0,0.249923,182,0.406385,-0.037223
3.4601,51.944727,0.230864,-0.005228,-0.000000,0.013060,0.038118,0,0.249923,192,0.405969,-0.036738
3.4701,51.944744,0.230864,0.003603,-0.000000,0.011352,0.038118,0,0.249923,202,0.405815,-0.036785
3.4801,51.944716,0.230864,-0.019547,-0.000000,0.013218,0.038118,0,0.249923,212,0.406057,-0.036006
3.4901,51.944833,0.230864,0.002026,-0.000000,0.013213,0.038118,0,0.249923,222,0.406278,-0.036362
3.5001,51.944746,0.230864,0.010258,-0.000000,0.011667,0.038118,0,0.249923,232,0.405834,-0.035663
3.5101,51.944926,0.230864,-0.007060,-0.000000,0.012063,0.038118,0,0.249923,242,0.406003,-0.035509
3.5201,51.944817,0.230864,-0.013508,-0.000000,0.013729,0.038118,0,0.249923,252,0.406171,-0.035959
3.5301,51.944830,0.230864,0.001044,-0.000000,0.012971,0.038118,0,0.249923,6,0.406141,-0.035566
3.5401,51.944740,0.230864,0.001908,-0.000000,0.012119,0.038118,0,0.249923,16,0.406038,-0.034964
3.5501,51.944918,0.230864,-0.004195,-0.000000,0.013128,0.038118,0,0.249923,26,0.406203,-0.035143
3.5601,51.944736,0.230864,-0.004371,-0.000000,0.012624,0.038118,0,0.249923,36,0.405693,-0.032106
3.5701,51.944834,0.230864,-0.001221,-0.000000,0.011778,0.038118,0,0.249923,46,0.406127,-0.034887
3.5801,51.944929,0.230864,0.000976,-0.000000,0.012425,0.038118,0,0.249923,56,0.406019,-0.034092
3.5901,51.944922,0.230864,-0.003884,-0.000000,0.013029,0.038118,0,0.249923,66,0.406458,-0.034660
3.6001,51.944829,0.230864,-0.000808,-0.000000,0.012779,0.038118,0,0.249923,76,0.406006,-0.033499
3.6101,51.944926,0.230864,-0.000577,-0.000000,0.012777,0.038118,0,0.249923,86,0.406194,-0.033940
3.6201,51.944915,0.230864,-0.009974,-0.000000,0.013376,0.038118,0,0.249923,96,0.406463,-0.033920
3.6301,51.944928,0.230864,0.000555,-0.000000,0.013452,0.038118,0,0.249923,106,0.405382,-0.030590
3.6401,51.944923,0.230864,-0.005813,-0.000000,0.012993,0.038118,0,0.249923,116,0.406226,-0.033112
3.6501,51.944825,0.230864,-0.011337,-0.000000,0.013907,0.038118,0,0.249923,126,0.405912,-0.029991
3.6601,51.944927,0.230864,-0.001600,-0.000000,0.013403,0.038118,0,0.249923,136,0.405938,-0.030718
3.6701,51.944934,0.230864,0.003890,-0.000000,0.011922,0.038118,0,0.249923,146,0.406780,-0.033361
3.6801,51.944921,0.230864,-0.010954,-0.000000,0.013421,0.038118,0,0.249923,156,0.406282,-0.030311
3.6901,51.944926,0.230864,-0.007775,-0.000000,0.013719,0.038118,0,0.249923,166,0.405783,-0.030094
3.7001,51.944936,0.230864,0.014213,-0.000000,0.012450,0.038118,0,0.249923,176,0.405772,-0.030006
3.7101,51.944921,0.230864,-0.011385,-0.000000,0.013722,0.038118,0,0.249923,186,0.405791,-0.029284
3.7201,51.944922,0.230864,-0.011664,-0.000000,0.014826,0.038118,0,0.249923,196,0.405480,-0.028853
3.7301,51.944928,0.230864,0.002492,-0.000000,0.013493,0.038118,0,0.249923,206,0.405477,-0.028593
3.7401,51.945022,0.230864,-0.004851,-0.000000,0.013408,0.038118,0,0.249923,216,0.405175,-0.027602
3.7501,51.944924,0.230864,-0.006933,-0.000000,0.013790,0.038118,0,0.249923,226,0.405099,-0.028578
3.7601,51.944929,0.230864,0.002685,-0.000000,0.013732,0.038118,0,0.249923,236,0.405633,-0.028487
3.7701,51.945009,0.230864,-0.013614,-0.000000,0.014153,0.038118,0,0.249923,246,0.406402,-0.030537
3.7801,51.945022,0.230864,-0.001047,-0.000000,0.014260,0.038118,0,0.249923,0,0.405897,-0.030114
3.7901,51.945022,0.230864,-0.000873,-0.000000,0.013823,0.038118,0,0.249923,10,0.405493,-0.027404
3.8001,51.945023,0.230864,-0.002776,-0.000000,0.014133,0.038118,0,0.249923,20,0.405515,-0.026808
3.8101,51.944923,0.230864,-0.011315,-0.000000,0.014528,0.038118,0,0.249923,30,0.405319,-0.026396
3.8201,51.945026,0.230864,0.000670,-0.000000,0.014028,0.038118,0,0.249923,40,0.406006,-0.027468
3.8301,51.945106,0.230864,-0.010850,-0.000000,0.014777,0.038118,0,0.249923,50,0.406220,-0.029198
3.8401,51.945109,0.230864,-0.006931,-0.000000,0.015113,0.038118,0,0.249923,60,0.406220,-0.029010
3.8501,51.945022,0.230864,0.001465,-0.000000,0.014260,0.038118,0,0.249923,70,0.406507,-0.028724
3.8601,51.945317,0.230864,-0.001433,-0.000000,0.013968,0.038118,0,0.249923,80,0.406513,-0.028547
3.8701,51.945118,0.230864,-0.003162,-0.000000,0.014513,0.038118,0,0.249923,90,0.406074,-0.025876
3.8801,51.945119,0.230864,0.001553,-0.000000,0.014240,0.038118,0,0.249923,100,0.406135,-0.026197
3.8901,51.945122,0.230864,0.003777,-0.000000,0.014307,0.038118,0,0.249923,110,0.405929,-0.026202
3.9001,51.945215,0.230864,-0.000439,-0.000000,0.014259,0.038118,0,0.249923,120,0.406029,-0.025857
3.9101,51.945213,0.230864,-0.006917,-0.000000,0.014449,0.038118,0,0.249923,130,0.405737,-0.024907
3.9200,51.945116,0.230864,-0.003655,-0.000000,0.014892,0.038118,0,0.249923,140,0.405844,-0.025525
3.9301,51.945304,0.230864,-0.008451,-0.000000,0.014581,0.038118,0,0.249923,150,0.405837,-0.024831
3.9401,51.945120,0.230864,0.002121,-0.000000,0.014656,0.038118,0,0.249923,160,0.405785,-0.024587
3.9501,51.945117,0.230864,-0.002850,-0.000000,0.014708,0.038118,0,0.249923,170,0.405681,-0.024271
3.9601,51.945314,0.230864,0.006555,-0.000000,0.014848,0.038118,0,0.249923,180,0.405619,-0.023517
3.9700,51.945218,0.230864,0.005289,-0.000000,0.014109,0.038118,0,0.249923,190,0.405990,-0.023812
3.9801,51.945206,0.230864,-0.019892,-0.000000,0.015552,0.038118,0,0.249923,200,0.405723,-0.022841
3.9901,51.945135,0.230852,0.024503,-0.015485,0.015125,0.038259,0,0.249923,210,0.405858,-0.023366
4.0001,51.945126,0.230863,0.007377,-0.001797,0.014263,0.038015,0,0.249923,220,0.405810,-0.022562
4.0101,51.945302,0.230864,-0.008452,-0.000208,0.015644,0.038108,0,0.249923,230,0.406001,-0.022782
4.0201,51.945125,0.230864,0.004601,-0.000024,0.015186,0.038117,0,0.249923,240,0.405925,-0.022716
4.0301,51.945217,0.230864,0.002420,-0.000003,0.014942,0.038118,0,0.249923,250,0.406089,-0.022392
4.0401,51.945305,0.230864,-0.008263,-0.000000,0.015984,0.038118,0,0.249923,4,0.406082,-0.022137
4.0501,51.945306,0.230864,-0.003671,-0.000000,0.015398,0.038118,0,0.249923,14,0.405918,-0.021965
4.0601,51.945315,0.230864,0.007466,-0.000000,0.015263,0.038118,0,0.249923,24,0.406023,-0.021437
4.0701,51.945405,0.230864,-0.001609,-0.000000,0.015641,0.038118,0,0.249923,34,0.405571,-0.020665
4.0801,51.945406,0.230864,-0.000980,-0.000000,0.015457,0.038118,0,0.249923,44,0.405741,-0.021636
4.0901,51.945402,0.230864,-0.008316,-0.000000,0.015614,0.038118,0,0.249923,54,0.406052,-0.021313
4.1001,51.945409,0.230864,0.004111,-0.000000,0.015657,0.038118,0,0.249923,64,0.405826,-0.021221
4.1101,51.945409,0.230864,0.003282,-0.000000,0.015199,0.038118,0,0.249923,74,0.405686,-0.020602
4.1201,51.945503,0.230864,0.000446,-0.000000,0.015027,0.038118,0,0.249923,84,0.405763,-0.019497
4.1301,51.945400,0.230864,-0.012350,-0.000000,0.015551,0.038118,0,0.249923,94,0.405833,-0.020107
4.1401,51.945395,0.230864,-0.011296,-0.000000,0.016696,0.038118,0,0.249923,104,0.405733,-0.020632
4.1501,51.945513,0.230864,0.010838,-0.000000,0.015131,0.038118,0,0.249923,114,0.406162,-0.020159
4.1601,51.945402,0.230864,-0.007337,-0.000000,0.015544,0.038118,0,0.249923,124,0.406054,-0.019824
4.1701,51.945497,0.230864,-0.000822,-0.000000,0.016682,0.038118,0,0.249923,134,0.405803,-0.019562
4.1801,51.945513,0.230864,0.007097,-0.000000,0.014725,0.038118,0,0.249923,144,0.406290,-0.020030
4.1901,51.945491,0.230864,-0.013973,-0.000000,0.016051,0.038118,0,0.249923,154,0.405992,-0.019734
4.2001,51.945501,0.230864,-0.003359,-0.000000,0.016898,0.038118,0,0.249923,164,0.405725,-0.019515
4.2101,51.945507,0.230864,0.004185,-0.000000,0.015434,0.038118,0,0.249923,174,0.405952,-0.019118
4.2201,51.945495,0.230864,-0.008343,-0.000000,0.016336,0.038118,0,0.249923,184,0.406179,-0.019385
4.2301,51.945590,0.230864,-0.014833,-0.000000,0.017168,0.038118,0,0.249923,194,0.405790,-0.018508
4.2401,51.945513,0.230864,0.011645,-0.000000,0.015238,0.038118,0,0.249923,204,0.405847,-0.018491
4.2501,51.945500,0.230864,-0.003310,-0.000000,0.015927,0.038118,0,0.249923,214,0.405848,-0.017830
4.2601,51.945688,0.230864,-0.004555,-0.000000,0.016932,0.038118,0,0.249923,224,0.405655,-0.017208
4.2701,51.945612,0.230864,0.014015,-0.000000,0.015049,0.038118,0,0.249923,234,0.405750,-0.017445
4.2801,51.945691,0.230864,-0.001788,-0.000000,0.015692,0.038118,0,0.249923,244,0.406075,-0.017418
4.2901,51.945600,0.230864,0.004615,-0.000000,0.016398,0.038118,0,0.249923,254,0.406182,-0.017657
4.3001,51.945701,0.230864,0.006079,-0.000000,0.015225,0.038118,0,0.249923,8,0.405773,-0.016622
4.3101,51.945692,0.230864,0.001819,-0.000000,0.015661,0.038118,0,0.249923,18,0.406097,-0.016798
4.3201,51.945497,0.230864,-0.012496,-0.000000,0.016571,0.038118,0,0.249923,28,0.406346,-0.017006
4.3301,51.945603,0.230864,0.002689,-0.000000,0.015858,0.038118,0,0.249923,38,0.406257,-0.016947
4.3401,51.945693,0.230864,-0.003133,-0.000000,0.015849,0.038118,0,0.249923,48,0.406188,-0.016141
4.3501,51.945687,0.230864,-0.008024,-0.000000,0.016844,0.038118,0,0.249923,58,0.406118,-0.016179
4.3601,51.945595,0.230864,-0.002046,-0.000000,0.016795,0.038118,0,0.249923,68,0.406232,-0.015903
4.3701,51.945606,0.230864,0.006748,-0.000000,0.015887,0.038118,0,0.249923,78,0.406249,-0.014782
4.3801,51.945686,0.230864,-0.007642,-0.000000,0.016911,0.038118,0,0.249923,88,0.406062,-0.015222
4.3901,51.945693,0.230864,0.000518,-0.000000,0.016912,0.038118,0,0.249923,98,0.406056,-0.014852
4.4001,51.945598,0.230864,-0.004735,-0.000000,0.016257,0.038118,0,0.249923,108,0.406000,-0.013789
4.4101,51.945776,0.230864,-0.013868,-0.000000,0.016976,0.038118,0,0.249923,118,0.405935,-0.014279
4.4201,51.945794,0.230864,0.006141,-0.000000,0.016790,0.038118,0,0.249923,128,0.406090,-0.014297
4.4301,51.945701,0.230864,0.004156,-0.000000,0.015508,0.038118,0,0.249923,138,0.406229,-0.013985
4.4401,51.945681,0.230864,-0.014099,-0.000000,0.017237,0.038118,0,0.249923,148,0.405976,-0.013663
4.4501,51.945704,0.230864,0.010351,-0.000000,0.016538,0.038118,0,0.249923,158,0.406152,-0.013797
4.4601,51.945887,0.230864,0.001699,-0.000000,0.016165,0.038118,0,0.249923,168,0.406699,-0.014156
4.4701,51.945686,0.230864,-0.010165,-0.000000,0.017135,0.038118,0,0.249923,178,0.405906,-0.013148
4.4801,51.945888,0.230864,0.000935,-0.000000,0.016956,0.038118,0,0.249923,188,0.406023,-0.013556
4.4901,51.945685,0.230864,-0.009061,-0.000000,0.017114,0.038118,0,0.249923,198,0.406416,-0.012728
4.5001,51.945780,0.230864,-0.009059,-0.000000,0.017261,0.038118,0,0.249923,208,0.406243,-0.012343
4.5101,51.945882,0.230864,-0.007207,-0.000000,0.017089,0.038118,0,0.249923,218,0.406410,-0.012651
4.5201,51.945885,0.230864,-0.002662,-0.000000,0.017034,0.038118,0,0.249923,228,0.406479,-0.011976
4.5301,51.945781,0.230864,-0.004533,-0.000000,0.017665,0.038118,0,0.249923,238,0.406489,-0.011768
4.5401,51.945696,0.230864,0.000706,-0.000000,0.017987,0.038118,0,0.249923,248,0.406601,-0.011879
4.5501,51.945879,0.230864,-0.010865,-0.000000,0.018146,0.038118,0,0.249923,2,0.406418,-0.011485
4.5601,51.945790,0.230864,-0.001560,-0.000000,0.017705,0.038118,0,0.249923,12,0.406796,-0.011648
4.5701,51.946079,0.230864,0.003463,-0.000000,0.017694,0.038118,0,0.249923,22,0.406737,-0.010771
4.5801,51.945878,0.230864,-0.008453,-0.000000,0.018548,0.038118,0,0.249923,32,0.406475,-0.010854
4.5901,51.946087,0.230864,0.008745,-0.000000,0.017332,0.038118,0,0.249923,42,0.406668,-0.010519
4.6001,51.946172,0.230864,-0.009039,-0.000000,0.017334,0.038118,0,0.249923,52,0.407160,-0.010441
4.6101,51.946074,0.230864,-0.005379,-0.000000,0.018291,0.038118,0,0.249923,62,0.406945,-0.010522
4.6201,51.946078,0.230864,0.001924,-0.000000,0.017946,0.038118,0,0.249923,72,0.406635,-0.009259
4.6301,51.946086,0.230864,0.009132,-0.000000,0.017415,0.038118,0,0.249923,82,0.407070,-0.009496
4.6401,51.946071,0.230864,-0.007443,-0.000000,0.018295,0.038118,0,0.249923,92,0.406938,-0.009293
4.6501,51.946163,0.230864,-0.008572,-0.000000,0.018639,0.038118,0,0.249923,102,0.406770,-0.009297
4.6601,51.946183,0.230864,0.010580,-0.000000,0.017563,0.038118,0,0.249923,112,0.407190,-0.009722
4.6701,51.946075,0.230864,-0.009554,-0.000000,0.018404,0.038118,0,0.249923,122,0.407254,-0.008424
4.6801,51.946268,0.230864,-0.001220,-0.000000,0.018314,0.038118,0,0.249923,132,0.407020,-0.008499
4.6901,51.946275,0.230864,0.003280,-0.000000,0.017709,0.038118,0,0.249923,142,0.407262,-0.008186
4.7001,51.946159,0.230864,-0.012785,-0.000000,0.018531,0.038118,0,0.249923,152,0.407716,-0.008190
4.7101,51.946268,0.230864,-0.002063,-0.000000,0.018443,0.038118,0,0.249923,162,0.407487,-0.008204
4.7201,51.946186,0.230864,0.014876,-0.000000,0.017555,0.038118,0,0.249923,172,0.407505,-0.008245
4.7301,51.946258,0.230864,-0.012918,-0.000000,0.018077,0.038118,0,0.249923,182,0.408098,-0.008264
4.7401,51.946264,0.230864,-0.003508,-0.000000,0.018806,0.038118,0,0.249923,192,0.407772,-0.008300
4.7501,51.946183,0.230864,0.003579,-0.000000,0.017843,0.038118,0,0.249923,202,0.407432,-0.007765
4.7601,51.946280,0.230864,0.010046,-0.000000,0.017403,0.038118,0,0.249923,212,0.407631,-0.007397
4.7701,51.946250,0.230864,-0.015760,-0.000000,0.020235,0.038118,0,0.249923,222,0.407755,-0.007526
4.7801,51.946288,0.230864,0.019881,-0.000000,0.017412,0.038118,0,0.249923,232,0.407836,-0.007816
4.7901,51.946271,0.230864,-0.002419,-0.000000,0.017267,0.038118,0,0.249923,242,0.408114,-0.007701
4.8001,51.946456,0.230864,0.004164,-0.000000,0.018634,0.038118,0,0.249923,252,0.407807,-0.007648
4.8101,51.946367,0.230864,-0.000668,-0.000000,0.018198,0.038118,0,0.249923,6,0.407752,-0.007724
4.8201,51.946452,0.230864,-0.008226,-0.000000,0.019113,0.038118,0,0.249923,16,0.407902,-0.006639
4.8301,51.946452,0.230864,-0.009291,-0.000000,0.019313,0.038118,0,0.249923,26,0.407568,-0.006386
4.8401,51.946463,0.230864,-0.003242,-0.000000,0.018935,0.038118,0,0.249923,36,0.407660,-0.006379
4.8501,51.946551,0.230864,-0.006499,-0.000000,0.019309,0.038118,0,0.249923,46,0.407670,-0.005330
4.8601,51.946650,0.230864,-0.001935,-0.000000,0.019341,0.038118,0,0.249923,56,0.407711,-0.005769
4.8701,51.946646,0.230864,-0.004768,-0.000000,0.019591,0.038118,0,0.249923,66,0.407927,-0.005609
4.8801,51.946651,0.230864,-0.000052,-0.000000,0.019087,0.038118,0,0.249923,76,0.407954,-0.005119
4.8901,51.946655,0.230864,0.001897,-0.000000,0.019005,0.038118,0,0.249923,86,0.407127,-0.002160
4.9001,51.946656,0.230864,0.001516,-0.000000,0.019018,0.038118,0,0.249923,96,0.407239,-0.001968
4.9101,51.946659,0.230864,0.004269,-0.000000,0.019157,0.038118,0,0.249923,106,0.407751,-0.004255
4.9201,51.946654,0.230864,-0.000464,-0.000000,0.019139,0.038118,0,0.249923,116,0.406925,-0.001395
4.9301,51.946748,0.230864,0.000564,-0.000000,0.018873,0.038118,0,0.249923,126,0.407403,-0.001868
4.9401,51.946653,0.230864,-0.001019,-0.000000,0.019324,0.038118,0,0.249923,136,0.407525,-0.002251
4.9501,51.946750,0.230864,0.000908,-0.000000,0.019182,0.038118,0,0.249923,146,0.407363,-0.001813
4.9601,51.946849,0.230864,0.007589,-0.000000,0.018649,0.038118,0,0.249923,156,0.407531,-0.001738
4.9701,51.946743,0.230864,-0.008132,-0.000000,0.020204,0.038118,0,0.249923,166,0.407242,-0.001538
4.9801,51.946654,0.230864,0.006002,-0.000000,0.019633,0.038118,0,0.249923,176,0.407080,-0.001158
4.9901,51.946750,0.230864,0.001747,-0.000000,0.019133,0.038118,0,0.249923,186,0.407353,-0.000896
5.0001,51.946750,0.230864,0.001747,-0.000000,0.019252,0.038118,0,0.249923,186,0.407353,-0.000896
5.0101,51.946920,0.230864,-0.021650,-0.000000,0.020897,0.038118,0,0.249923,196,0.407053,-0.001071
5.0201,51.946851,0.230864,0.007549,-0.000000,0.018958,0.038118,0,0.249923,206,0.407272,-0.001344
5.0301,51.947041,0.230864,0.002590,-0.000000,0.019218,0.038118,0,0.249923,216,0.407825,-0.000900
5.0401,51.947023,0.230864,-0.011911,-0.000000,0.020536,0.038118,0,0.249923,226,0.407603,-0.001267
5.0501,51.947042,0.230864,0.009219,-0.000000,0.019406,0.038118,0,0.249923,236,0.407443,-0.000828
5.0601,51.947041,0.230864,0.002614,-0.000000,0.019048,0.038118,0,0.249923,246,0.407864,-0.000353
5.0701,51.947220,0.230864,-0.012242,-0.000000,0.020376,0.038118,0,0.249923,0,0.407738,0.000058
5.0801,51.947142,0.230864,0.009715,-0.000000,0.019576,0.038118,0,0.249923,10,0.407547,-0.000376
5.0901,51.947228,0.230864,0.000714,-0.000000,0.019392,0.038118,0,0.249923,20,0.407780,-0.000028
5.1001,51.947407,0.230864,-0.013702,-0.000000,0.020497,0.038118,0,0.249923,30,0.407993,0.000427
5.1101,51.947225,0.230864,0.000399,-0.000000,0.020560,0.038118,0,0.249923,40,0.407701,0.001009
5.1201,51.947324,0.230864,0.002235,-0.000000,0.019249,0.038118,0,0.249923,50,0.407981,0.001363
5.1301,51.947511,0.230864,-0.007635,-0.000000,0.020031,0.038118,0,0.249923,60,0.408247,0.001061
5.1401,51.947509,0.230864,-0.008681,-0.000000,0.021355,0.038118,0,0.249923,70,0.407727,0.001237
5.1501,51.947441,0.230864,0.011174,-0.000000,0.019417,0.038118,0,0.249923,80,0.407782,0.001620
5.1601,51.947420,0.230864,-0.002040,-0.000000,0.019597,0.038118,0,0.249923,90,0.408315,0.001723
5.1701,51.947599,0.230864,-0.013009,-0.000000,0.021166,0.038118,0,0.249923,100,0.408236,0.001381
5.1801,51.947813,0.230864,0.007709,-0.000000,0.019835,0.038118,0,0.249923,110,0.408064,0.001538
5.1901,51.947807,0.230864,0.001563,-0.000000,0.019043,0.038118,0,0.249923,120,0.408541,0.001954
5.2001,51.947992,0.230864,-0.000172,-0.000000,0.021046,0.038118,0,0.249923,130,0.408448,0.001823
5.2101,51.948005,0.230864,0.011923,-0.000000,0.019537,0.038118,0,0.249923,140,0.408440,0.001727
5.2201,51.947802,0.230864,-0.003147,-0.000000,0.019714,0.038118,0,0.249923,150,0.408496,0.002901
5.2301,51.947987,0.230864,-0.006444,-0.000000,0.021003,0.038118,0,0.249923,160,0.408509,0.002908
5.2401,51.947998,0.230864,0.001784,-0.000000,0.020555,0.038118,0,0.249923,170,0.408346,0.003017
5.2501,51.948000,0.230864,0.003746,-0.000000,0.019775,0.038118,0,0.249923,180,0.408536,0.002892
5.2601,51.947987,0.230864,-0.012597,-0.000000,0.020918,0.038118,0,0.249923,190,0.408653,0.003251
5.2701,51.947990,0.230864,-0.010141,-0.000000,0.021350,0.038118,0,0.249923,200,0.408761,0.002868
5.2801,51.948192,0.230864,0.003665,-0.000000,0.019827,0.038118,0,0.249923,210,0.408464,0.003982
5.2901,51.948182,0.230864,-0.009928,-0.000000,0.020974,0.038118,0,0.249923,220,0.408612,0.003629
5.3001,51.948289,0.230864,0.006771,-0.000000,0.020727,0.038118,0,0.249923,230,0.409017,0.003802
5.3101,51.948183,0.230864,-0.007435,-0.000000,0.020076,0.038118,0,0.249923,240,0.409349,0.004066
5.3201,51.948179,0.230864,-0.007991,-0.000000,0.021459,0.038118,0,0.249923,250,0.409148,0.004303
5.3301,51.948186,0.230864,0.001128,-0.000000,0.021079,0.038118,0,0.249923,4,0.409311,0.004777
5.3401,51.948275,0.230864,-0.003109,-0.000000,0.020431,0.038118,0,0.249923,14,0.410137,0.002322
5.3501,51.948369,0.230864,-0.008621,-0.000000,0.021174,0.038118,0,0.249923,24,0.409944,0.002593
5.3601,51.948470,0.230864,-0.002748,-0.000000,0.021231,0.038118,0,0.249923,34,0.410140,0.002139
5.3701,51.948565,0.230864,-0.002181,-0.000000,0.021144,0.038118,0,0.249923,44,0.410204,0.003052
5.3801,51.948381,0.230864,0.005984,-0.000000,0.020519,0.038118,0,0.249923,54,0.410258,0.002561
5.3901,51.948479,0.230864,0.002405,-0.000000,0.021387,0.038118,0,0.249923,64,0.409981,0.003494
5.4001,51.948577,0.230864,0.010818,-0.000000,0.020115,0.038118,0,0.249923,74,0.409573,0.006037
5.4101,51.948569,0.230864,0.000021,-0.000000,0.020549,0.038118,0,0.249923,84,0.409634,0.005997
5.4201,51.948576,0.230864,0.000934,-0.000000,0.020646,0.038118,0,0.249923,94,0.409369,0.006470
5.4301,51.948468,0.230864,-0.008902,-0.000000,0.021715,0.038118,0,0.249923,104,0.409432,0.006012
5.4401,51.948574,0.230864,0.004280,-0.000000,0.020550,0.038118,0,0.249923,114,0.409871,0.005888
5.4501,51.948568,0.230864,-0.005086,-0.000000,0.020790,0.038118,0,0.249923,124,0.409566,0.006761
5.4601,51.948567,0.230864,-0.006737,-0.000000,0.021486,0.038118,0,0.249923,134,0.409570,0.006282
5.4701,51.948669,0.230864,0.000151,-0.000000,0.021655,0.038118,0,0.249923,144,0.409555,0.006789
5.4801,51.948469,0.230864,-0.004633,-0.000000,0.021101,0.038118,0,0.249923,154,0.409937,0.006180
5.4901,51.948665,0.230864,-0.001466,-0.000000,0.021418,0.038118,0,0.249923,164,0.409800,0.007047
5.5001,51.948570,0.230864,-0.000927,-0.000000,0.021142,0.038118,0,0.249923,174,0.409873,0.006417
5.5101,51.948765,0.230864,0.001222,-0.000000,0.021031,0.038118,0,0.249923,184,0.409846,0.007427
5.5201,51.948660,0.230864,-0.009835,-0.000000,0.021619,0.038118,0,0.249923,194,0.409782,0.007390
5.5301,51.948670,0.230864,0.009512,-0.000000,0.021518,0.038118,0,0.249923,204,0.409560,0.007912
5.5401,51.948765,0.230864,0.000729,-0.000000,0.020565,0.038118,0,0.249923,214,0.409802,0.008143
5.5501,51.948651,0.230864,-0.005708,-0.000000,0.022218,0.038118,0,0.249923,224,0.409841,0.008144
5.5601,51.948761,0.230864,-0.000733,-0.000000,0.021890,0.038118,0,0.249923,234,0.409406,0.008514
5.5701,51.948767,0.230864,0.002325,-0.000000,0.021360,0.038118,0,0.249923,244,0.409681,0.008943
5.5801,51.948851,0.230864,-0.004320,-0.000000,0.021852,0.038118,0,0.249923,254,0.409880,0.008807
5.5901,51.948759,0.230864,-0.006310,-0.000000,0.022106,0.038118,0,0.249923,8,0.409315,0.009257
5.6001,51.948870,0.230864,0.006438,-0.000000,0.020920,0.038118,0,0.249923,18,0.409443,0.009796
5.6101,51.948847,0.230864,-0.010990,-0.000000,0.022106,0.038118,0,0.249923,26,0.409886,0.009221
5.6201,51.948753,0.230864,-0.008707,-0.000000,0.022056,0.038118,0,0.249923,36,0.409746,0.009021
5.6301,51.948775,0.230864,0.009187,-0.000000,0.021301,0.038118,0,0.249923,46,0.410219,0.008861
5.6401,51.948755,0.230864,-0.006951,-0.000000,0.022022,0.038118,0,0.249923,56,0.410265,0.009283
5.6501,51.948946,0.230864,-0.002377,-0.000000,0.022551,0.038118,0,0.249923,66,0.409753,0.009790
5.6601,51.948855,0.230864,-0.000290,-0.000000,0.021651,0.038118,0,0.249923,76,0.409636,0.010402
5.6701,51.948956,0.230864,-0.000855,-0.000000,0.022263,0.038118,0,0.249923,86,0.410015,0.010212
5.6800,51.948942,0.230864,-0.013333,-0.000000,0.022836,0.038118,0,0.249923,96,0.409674,0.010668
5.6901,51.948959,0.230864,0.005215,-0.000000,0.021758,0.038118,0,0.249923,106,0.409638,0.010211
5.7001,51.948949,0.230864,-0.004729,-0.000000,0.022034,0.038118,0,0.249923,116,0.409978,0.010791
5.7101,51.949044,0.230864,-0.005307,-0.000000,0.022769,0.038118,0,0.249923,126,0.409829,0.011276
5.7201,51.948954,0.230864,-0.001999,-0.000000,0.022474,0.038118,0,0.249923,136,0.410316,0.010176
5.7301,51.949050,0.230864,-0.004410,-0.000000,0.022050,0.038118,0,0.249923,146,0.410263,0.011190
5.7401,51.949128,0.230864,-0.009886,-0.000000,0.023626,0.038118,0,0.249923,156,0.410109,0.011394
5.7501,51.949148,0.230864,0.000549,-0.000000,0.022592,0.038118,0,0.249923,166,0.410393,0.010869
5.7601,51.948957,0.230864,0.001022,-0.000000,0.022089,0.038118,0,0.249923,176,0.410588,0.010990
5.7701,51.949135,0.230864,-0.010410,-0.000000,0.023296,0.038118,0,0.249923,186,0.410254,0.011729
5.7801,51.949152,0.230864,0.009779,-0.000000,0.022783,0.038118,0,0.249923,196,0.410331,0.011708
5.7901,51.949244,0.230864,-0.005233,-0.000000,0.022188,0.038118,0,0.249923,206,0.410625,0.011634
5.8001,51.949122,0.230864,-0.014592,-0.000000,0.024403,0.038118,0,0.249923,216,0.410273,0.012641
5.8101,51.949238,0.230864,-0.000337,-0.000000,0.023651,0.038118,0,0.249923,226,0.410259,0.012061
5.8201,51.949148,0.230864,-0.001080,-0.000000,0.022507,0.038118,0,0.249923,236,0.410518,0.012406
5.8301,51.949431,0.230864,-0.002993,-0.000000,0.023044,0.038118,0,0.249923,246,0.410600,0.012537
5.8401,51.949331,0.230864,-0.003186,-0.000000,0.023970,0.038118,0,0.249923,0,0.410259,0.012762
5.8501,51.949340,0.230864,0.003127,-0.000000,0.022959,0.038118,0,0.249923,10,0.409702,0.016434
5.8601,51.949335,0.230864,-0.002230,-0.000000,0.023525,0.038118,0,0.249923,20,0.410861,0.012842
5.8701,51.949341,0.230864,0.002545,-0.000000,0.023108,0.038118,0,0.249923,30,0.410185,0.014999
5.8801,51.949350,0.230864,0.010688,-0.000000,0.022312,0.038118,0,0.249923,40,0.410475,0.013010
5.8901,51.949430,0.230864,-0.003514,-0.000000,0.023147,0.038118,0,0.249923,50,0.409882,0.016001
5.9001,51.949431,0.230864,-0.000541,-0.000000,0.023257,0.038118,0,0.249923,60,0.409996,0.016114
5.9101,51.949338,0.231631,0.000547,-0.000000,0.031831,0.028914,0,0.249923,70,0.410067,0.016833
5.9201,51.949431,0.230864,-0.003707,-0.000000,0.015956,0.045788,0,0.249923,80,0.410032,0.016699
5.9301,51.949608,0.230864,-0.016511,-0.000000,0.025186,0.038118,0,0.249923,90,0.409550,0.016745
5.9401,51.950304,0.230864,0.007040,-0.000000,0.022465,0.038118,0,0.249923,100,0.410656,0.016328
5.9501,51.949917,0.230864,0.004715,-0.000000,0.022693,0.038118,0,0.249923,110,0.410827,0.016396
5.9601,51.950297,0.230864,0.003859,-0.000000,0.023453,0.038118,0,0.249923,120,0.410530,0.016724
5.9701,51.950114,0.230864,0.003442,-0.000000,0.022716,0.038118,0,0.249923,130,0.410397,0.016518
5.9801,51.950196,0.230864,-0.001244,-0.000000,0.023448,0.038118,0,0.249923,140,0.410230,0.016951
5.9901,51.950201,0.230864,0.000831,-0.000000,0.023442,0.038118,0,0.249923,150,0.410447,0.016951
6.0001,51.950307,0.230864,0.009042,-0.000000,0.022700,0.038118,0,0.249923,160,0.410863,0.016503
6.0101,51.950097,0.230864,-0.008710,-0.000000,0.022972,0.038118,0,0.249923,170,0.411153,0.016621
6.0201,51.950198,0.230864,0.000663,-0.000000,0.023595,0.038118,0,0.249923,180,0.410733,0.017567
6.0301,51.950101,0.230864,-0.000828,-0.000000,0.023273,0.038118,0,0.249923,190,0.410977,0.016319
6.0401,51.950202,0.230864,-0.006200,-0.000000,0.023463,0.038118,0,0.249923,200,0.411212,0.016346
6.0501,51.950203,0.230864,0.001095,-0.000000,0.023781,0.038118,0,0.249923,210,0.411099,0.016738
6.0601,51.950202,0.230864,0.002089,-0.000000,0.023650,0.038118,0,0.249923,220,0.411000,0.017239
6.0701,51.950196,0.230864,-0.000850,-0.000000,0.023296,0.038118,0,0.249923,230,0.410879,0.017785
6.0801,51.950098,0.230864,-0.009320,-0.000000,0.024327,0.038118,0,0.249923,240,0.410920,0.017208
6.0901,51.950099,0.230864,-0.012334,-0.000000,0.024142,0.038118,0,0.249923,250,0.411212,0.017190
6.1001,51.950192,0.230864,-0.001118,-0.000000,0.024542,0.038118,0,0.249923,4,0.411230,0.017489
6.1101,51.950296,0.230864,-0.001765,-0.000000,0.023679,0.038118,0,0.249923,14,0.410674,0.019517
6.1201,51.950201,0.230864,-0.000540,-0.000000,0.023571,0.038118,0,0.249923,24,0.411186,0.018033
6.1301,51.950199,0.230864,-0.001016,-0.000000,0.024065,0.038118,0,0.249923,34,0.411137,0.017787
6.1401,51.950102,0.230864,0.000786,-0.000000,0.024822,0.038118,0,0.249923,44,0.410484,0.020129
6.1501,51.950203,0.230864,0.001328,-0.000000,0.023226,0.038118,0,0.249923,54,0.410713,0.019770
6.1601,51.950293,0.230864,-0.003039,-0.000000,0.024094,0.038118,0,0.249923,64,0.410727,0.019955
6.1701,51.950292,0.230864,-0.004847,-0.000000,0.024813,0.038118,0,0.249923,74,0.410849,0.020073
6.1801,51.950201,0.230864,0.003959,-0.000000,0.023928,0.038118,0,0.249923,84,0.410833,0.020333
6.1901,51.950285,0.230864,-0.015822,-0.000000,0.024527,0.038118,0,0.249923,94,0.410774,0.021070
6.2001,51.950198,0.230864,-0.000845,-0.000000,0.024578,0.038118,0,0.249923,104,0.410739,0.021082
6.2101,51.950397,0.230864,0.004903,-0.000000,0.023806,0.038118,0,0.249923,114,0.410998,0.021022
6.2201,51.950286,0.230864,-0.016626,-0.000000,0.024165,0.038118,0,0.249923,124,0.411140,0.020895
6.2301,51.950194,0.230864,-0.000009,-0.000000,0.025196,0.038118,0,0.249923,134,0.411206,0.020855
6.2401,51.950296,0.230864,0.002259,-0.000000,0.024419,0.038118,0,0.249923,144,0.411262,0.021178
6.2501,51.950199,0.230864,-0.004038,-0.000000,0.025055,0.038118,0,0.249923,154,0.411199,0.020971
6.2601,51.950196,0.230864,-0.001984,-0.000000,0.025253,0.038118,0,0.249923,164,0.410984,0.021425
6.2701,51.950298,0.230864,-0.000833,-0.000000,0.024493,0.038118,0,0.249923,174,0.411154,0.021679
6.2801,51.950200,0.230864,-0.002656,-0.000000,0.024769,0.038118,0,0.249923,184,0.411449,0.021811
6.2901,51.950294,0.230864,-0.002657,-0.000000,0.025171,0.038118,0,0.249923,194,0.410852,0.022052
6.3001,51.950305,0.230864,0.007494,-0.000000,0.024607,0.038118,0,0.249923,204,0.410911,0.021958
6.3101,51.950292,0.230864,-0.008881,-0.000000,0.024549,0.038118,0,0.249923,214,0.411477,0.022300
6.3201,51.950291,0.230864,-0.006199,-0.000000,0.025594,0.038118,0,0.249923,224,0.411244,0.021926
6.3301,51.950301,0.230864,0.003683,-0.000000,0.025169,0.038118,0,0.249923,234,0.411006,0.022273
6.3401,51.950292,0.230864,-0.005588,-0.000000,0.024954,0.038118,0,0.249923,244,0.411338,0.022842
6.3501,51.950282,0.230864,-0.009643,-0.000000,0.026063,0.038118,0,0.249923,254,0.411361,0.021933
6.3601,51.950209,0.230864,0.003579,-0.000000,0.025265,0.038118,0,0.249923,8,0.410924,0.022549
6.3701,51.950300,0.230864,0.005349,-0.000000,0.024402,0.038118,0,0.249923,18,0.411394,0.022711
6.3801,51.950289,0.230864,-0.010520,-0.000000,0.025546,0.038118,0,0.249923,28,0.410711,0.025419
6.3901,51.950299,0.230864,0.002019,-0.000000,0.025526,0.038118,0,0.249923,38,0.410520,0.025394
6.4001,51.950405,0.230864,0.004912,-0.000000,0.024075,0.038118,0,0.249923,48,0.410706,0.025530
6.4101,51.950287,0.230864,-0.010353,-0.000000,0.026250,0.038118,0,0.249923,58,0.410865,0.025828
6.4201,51.950297,0.230864,0.000150,-0.000000,0.025673,0.038118,0,0.249923,68,0.410800,0.025614
6.4301,51.950297,0.230864,0.003539,-0.000000,0.025096,0.038118,0,0.249923,78,0.411491,0.023964
6.4401,51.950477,0.230864,-0.012721,-0.000000,0.026161,0.038118,0,0.249923,88,0.410747,0.026373
6.4501,51.950297,0.230864,0.001590,-0.000000,0.025556,0.038118,0,0.249923,98,0.410976,0.025884
6.4601,51.950496,0.230864,0.005946,-0.000000,0.025477,0.038118,0,0.249923,108,0.410976,0.026491
6.4701,51.950287,0.230864,-0.010974,-0.000000,0.026220,0.038118,0,0.249923,118,0.411112,0.026744
6.4800,51.950390,0.230864,0.002941,-0.000000,0.026258,0.038118,0,0.249923,128,0.410884,0.026161
6.4901,51.950399,0.230864,0.003336,-0.000000,0.024728,0.038118,0,0.249923,138,0.410885,0.026776
6.5001,51.950389,0.230864,-0.007780,-0.000000,0.025503,0.038118,0,0.249923,148,0.411101,0.026802
6.5101,51.950482,0.230864,-0.004431,-0.000000,0.026410,0.038118,0,0.249923,158,0.411056,0.026689
6.5201,51.950495,0.230864,0.004908,-0.000000,0.024876,0.038118,0,0.249923,168,0.411515,0.026486
6.5301,51.950487,0.230864,-0.001081,-0.000000,0.025740,0.038118,0,0.249923,178,0.411258,0.027038
6.5401,51.950484,0.230864,-0.002912,-0.000000,0.026058,0.038118,0,0.249923,188,0.410975,0.026880
6.5501,51.950489,0.230864,0.005043,-0.000000,0.025505,0.038118,0,0.249923,198,0.411289,0.027097
6.5601,51.950486,0.230864,-0.004105,-0.000000,0.025557,0.038118,0,0.249923,208,0.411539,0.026361
6.5701,51.950487,0.230864,-0.006758,-0.000000,0.026308,0.038118,0,0.249923,218,0.411463,0.026503
6.5801,51.950572,0.230864,-0.008995,-0.000000,0.026949,0.038118,0,0.249923,228,0.411306,0.027007
6.5901,51.950670,0.230864,-0.007789,-0.000000,0.026579,0.038118,0,0.249923,238,0.411355,0.027224
6.6001,51.950483,0.230864,-0.003884,-0.000000,0.025743,0.038118,0,0.249923,248,0.411100,0.027839
6.6101,51.950682,0.230864,0.000548,-0.000000,0.026402,0.038118,0,0.249923,2,0.411354,0.027380
6.6201,51.950491,0.230864,0.006358,-0.000000,0.026452,0.038118,0,0.249923,12,0.411486,0.026901
6.6301,51.950680,0.230864,-0.000211,-0.000000,0.026037,0.038118,0,0.249923,22,0.410661,0.029919
6.6401,51.950681,0.230864,-0.006096,-0.000000,0.026443,0.038118,0,0.249923,32,0.411289,0.027585
6.6501,51.950674,0.230864,-0.009302,-0.000000,0.026829,0.038118,0,0.249923,42,0.410815,0.029746
6.6601,51.950588,0.230864,0.004595,-0.000000,0.025943,0.038118,0,0.249923,52,0.411023,0.029505
6.6701,51.950671,0.230864,-0.011336,-0.000000,0.026262,0.038118,0,0.249923,62,0.410941,0.030242
6.6800,51.950676,0.230864,-0.001936,-0.000000,0.027399,0.038118,0,0.249923,72,0.410893,0.030622
6.6901,51.950689,0.230864,0.007543,-0.000000,0.025504,0.038118,0,0.249923,82,0.411044,0.030257
6.7001,51.950683,0.230864,-0.007664,-0.000000,0.026281,0.038118,0,0.249923,92,0.410886,0.030746
6.7101,51.950671,0.230864,-0.010917,-0.000000,0.027795,0.038118,0,0.249923,102,0.410946,0.030248
6.7201,51.950692,0.230864,0.012576,-0.000000,0.025606,0.038118,0,0.249923,112,0.411029,0.030661
6.7301,51.950766,0.230864,-0.005158,-0.000000,0.026767,0.038118,0,0.249923,122,0.411210,0.030709
6.7401,51.950863,0.230864,-0.011633,-0.000000,0.027404,0.038118,0,0.249923,132,0.411089,0.030059
6.7501,51.950874,0.230864,0.006678,-0.000000,0.026892,0.038118,0,0.249923,142,0.411203,0.030428
6.7601,51.950866,0.230864,-0.011456,-0.000000,0.026766,0.038118,0,0.249923,152,0.411526,0.030444
6.7701,51.950955,0.230864,-0.013370,-0.000000,0.028139,0.038118,0,0.249923,162,0.411139,0.030198
6.7801,51.951066,0.230864,0.007087,-0.000000,0.026676,0.038118,0,0.249923,172,0.411144,0.031153
6.7901,51.951056,0.230864,-0.007817,-0.000000,0.027172,0.038118,0,0.249923,182,0.411716,0.030626
6.8001,51.951242,0.230864,-0.008937,-0.000000,0.028525,0.038118,0,0.249923,192,0.411319,0.030822
6.8101,51.951171,0.230864,0.012792,-0.000000,0.027203,0.038118,0,0.249923,202,0.411105,0.031536
6.8201,51.951159,0.230864,-0.000590,-0.000000,0.026587,0.038118,0,0.249923,212,0.411559,0.030675
6.8301,51.951354,0.230864,-0.011297,-0.000000,0.027428,0.038118,0,0.249923,222,0.411596,0.030307
6.8401,51.951349,0.230864,0.001506,-0.000000,0.027513,0.038118,0,0.249923,232,0.410842,0.033386
6.8501,51.951266,0.230864,0.002095,-0.000000,0.026158,0.038118,0,0.249923,242,0.411586,0.031162
6.8601,51.951241,0.230864,-0.015654,-0.000000,0.028311,0.038118,0,0.249923,252,0.411111,0.033564
6.8701,51.951539,0.230864,-0.005325,-0.000000,0.027805,0.038118,0,0.249923,6,0.411387,0.033179
6.8801,51.951442,0.230864,-0.004857,-0.000000,0.027046,0.038118,0,0.249923,16,0.411652,0.033526
6.8901,51.951539,0.230864,-0.005429,-0.000000,0.028006,0.038118,0,0.249923,26,0.411253,0.033524
6.9001,51.951737,0.230864,0.005637,-0.000000,0.027291,0.038118,0,0.249923,36,0.411336,0.033816
6.9101,51.951629,0.230864,-0.007017,-0.000000,0.027869,0.038118,0,0.249923,46,0.411478,0.034426
6.9201,51.951723,0.230864,-0.009815,-0.000000,0.028483,0.038118,0,0.249923,56,0.411373,0.034118
6.9301,51.951638,0.230864,-0.000644,-0.000000,0.028017,0.038118,0,0.249923,66,0.411479,0.033725
6.9401,51.951838,0.230864,0.007673,-0.000000,0.026976,0.038118,0,0.249923,76,0.411592,0.033966
6.9501,51.952000,0.230864,-0.021869,-0.000000,0.028681,0.038118,0,0.249923,86,0.411582,0.033502
6.9601,51.952123,0.230864,0.005829,-0.000000,0.028248,0.038118,0,0.249923,96,0.411389,0.033969
6.9701,51.952028,0.230864,0.005448,-0.000000,0.027077,0.038118,0,0.249923,106,0.411749,0.033819
6.9801,51.952308,0.230864,-0.005735,-0.000000,0.027824,0.038118,0,0.249923,116,0.411597,0.033850
6.9901,51.952608,0.230864,0.011649,-0.000000,0.027631,0.038118,0,0.249923,126,0.411455,0.033662
7.0001,51.952598,0.230864,-0.004111,-0.000000,0.027228,0.038118,0,0.249923,136,0.411452,0.034754
7.0101,51.952684,0.230864,-0.013391,-0.000000,0.028156,0.038118,0,0.249923,146,0.411539,0.034793
7.0201,51.952599,0.230864,0.006719,-0.000000,0.028256,0.038118,0,0.249923,156,0.411486,0.035125
7.0301,51.952803,0.230864,0.005913,-0.000000,0.026659,0.038118,0,0.249923,166,0.411674,0.035273
7.0401,51.952877,0.230864,-0.004957,-0.000000,0.027822,0.038118,0,0.249923,176,0.411754,0.034871
7.0501,51.952976,0.230864,-0.005125,-0.000000,0.028542,0.038118,0,0.249923,186,0.411589,0.034488
7.0601,51.952994,0.230864,0.011026,-0.000000,0.027150,0.038118,0,0.249923,196,0.411786,0.035042
7.0701,51.952973,0.230864,-0.009728,-0.000000,0.027416,0.038118,0,0.249923,206,0.411910,0.035151
7.0801,51.953170,0.230864,-0.007623,-0.000000,0.027974,0.038118,0,0.249923,216,0.411681,0.035344
7.0901,51.953189,0.230864,0.004753,-0.000000,0.027241,0.038118,0,0.249923,226,0.411672,0.035086
7.1001,51.953165,0.230864,-0.005587,-0.000000,0.027894,0.038118,0,0.249923,236,0.411550,0.035723
7.1101,51.953172,0.231631,0.002812,-0.000000,0.037492,0.028914,0,0.249923,246,0.411767,0.035963
7.1201,51.953261,0.230864,-0.006803,-0.000000,0.020092,0.045788,0,0.249923,0,0.412039,0.036129
7.1301,51.954205,0.230864,-0.008234,-0.000000,0.029653,0.038118,0,0.249923,10,0.411333,0.036057
7.1401,51.955944,0.230864,-0.004257,-0.000000,0.028324,0.038118,0,0.249923,20,0.412744,0.035838
7.1501,51.955201,0.230864,0.008377,-0.000000,0.027022,0.038118,0,0.249923,30,0.412940,0.035880
7.1601,51.955779,0.230864,0.008668,-0.000000,0.026653,0.038118,0,0.249923,40,0.412619,0.036223
7.1701,51.955582,0.230864,0.010277,-0.000000,0.026571,0.038118,0,0.249923,50,0.411704,0.037916
7.1801,51.955681,0.230864,0.015974,-0.000000,0.025932,0.038118,0,0.249923,60,0.411326,0.038284
7.1901,51.955578,0.230864,0.005571,-0.000000,0.025500,0.038118,0,0.249923,70,0.411193,0.039204
7.2001,51.955681,0.230864,0.009333,-0.000000,0.025338,0.038118,0,0.249923,80,0.411371,0.038589
7.2101,51.955580,0.230864,0.009787,-0.000000,0.025033,0.038118,0,0.249923,90,0.411673,0.038553
7.2201,51.955666,0.230864,-0.003583,-0.000000,0.025831,0.038118,0,0.249923,100,0.411383,0.039134
7.2301,51.955575,0.231631,0.011413,-0.000000,0.035505,0.028914,0,0.249923,110,0.411346,0.039489
7.2401,51.955568,0.230864,-0.003737,-0.000000,0.018752,0.045788,0,0.249923,120,0.411789,0.038443
7.2501,51.955740,0.230864,-0.020509,-0.000000,0.028261,0.038118,0,0.249923,130,0.411421,0.038579
7.2601,51.956154,0.230864,0.004561,-0.000000,0.025727,0.038118,0,0.249923,140,0.412473,0.038835
7.2701,51.955478,0.231631,0.006168,-0.000000,0.035397,0.028914,0,0.249923,150,0.412259,0.039176
7.2801,51.955943,0.230864,-0.009752,-0.000000,0.019600,0.045788,0,0.249923,160,0.412193,0.039668
7.2901,51.955923,0.230864,-0.015406,-0.000000,0.029117,0.038118,0,0.249923,170,0.411366,0.039676
7.3001,51.956068,0.230864,0.009021,-0.000000,0.025299,0.038118,0,0.249923,180,0.412602,0.038575
7.3101,51.956157,0.230864,0.009145,-0.000000,0.026062,0.038118,0,0.249923,190,0.412618,0.039480
7.3201,51.955973,0.230864,0.015602,-0.000000,0.025515,0.038118,0,0.249923,200,0.412738,0.039717
7.3301,51.956138,0.230864,-0.006967,-0.000000,0.026309,0.038118,0,0.249923,210,0.412286,0.039548
7.3401,51.956062,0.230864,0.011932,-0.000000,0.025983,0.038118,0,0.249923,220,0.412058,0.039064
7.3501,51.955954,0.230864,0.005839,-0.000000,0.025573,0.038118,0,0.249923,230,0.412514,0.039773
7.3601,51.956052,0.231631,0.002118,-0.000000,0.035154,0.028914,0,0.249923,240,0.412685,0.039813
7.3701,51.956039,0.230864,-0.005879,-0.000000,0.018951,0.045788,0,0.249923,250,0.412878,0.039662
7.3801,51.956130,0.230864,-0.006741,-0.000000,0.028067,0.038118,0,0.249923,4,0.412261,0.040261
7.3901,51.956447,0.230864,0.007557,-0.000000,0.025570,0.038118,0,0.249923,14,0.412922,0.039836
7.4001,51.956237,0.230864,-0.000911,-0.000000,0.026299,0.038118,0,0.249923,24,0.412524,0.040629
7.4101,51.956151,0.231631,0.009085,-0.000000,0.034436,0.028914,0,0.249923,34,0.412680,0.041496
7.4201,51.956127,0.230864,-0.020439,-0.000000,0.018984,0.045788,0,0.249923,44,0.412664,0.041071
7.4301,51.956122,0.230864,-0.015443,-0.000000,0.029171,0.038118,0,0.249923,54,0.411562,0.040595
7.4401,51.956467,0.230864,0.024159,-0.000000,0.024685,0.038118,0,0.249923,64,0.412584,0.041349
7.4501,51.955952,0.230864,-0.002149,-0.000000,0.025748,0.038118,0,0.249923,74,0.412781,0.041566
7.4601,51.956339,0.231631,0.002127,-0.000000,0.035387,0.028914,0,0.249923,84,0.413141,0.041526
7.4701,51.956241,0.230864,-0.003761,-0.000000,0.018502,0.045788,0,0.249923,94,0.412598,0.041445
7.4801,51.956310,0.230864,-0.013615,-0.000000,0.028347,0.038118,0,0.249923,104,0.411273,0.041603
7.4901,51.955974,0.230864,0.014937,-0.000000,0.025007,0.038118,0,0.249923,114,0.412833,0.041130
7.5001,51.955965,0.230864,0.006857,-0.000000,0.025406,0.038118,0,0.249923,124,0.413017,0.041296
7.5101,51.956335,0.231631,-0.001283,-0.000000,0.034591,0.028914,0,0.249923,134,0.412732,0.042808
7.5201,51.956032,0.230864,-0.017129,-0.000000,0.019030,0.045788,0,0.249923,144,0.412427,0.042335
7.5301,51.956208,0.230864,-0.023319,-0.000000,0.029370,0.038118,0,0.249923,154,0.411672,0.041714
7.5401,51.956539,0.230864,0.010532,-0.000000,0.025864,0.038118,0,0.249923,164,0.411913,0.044628
7.5501,51.956061,0.230864,0.005053,-0.000000,0.025932,0.038118,0,0.249923,174,0.413169,0.042278
7.5601,51.956506,0.231631,-0.015253,-0.000000,0.036524,0.028914,0,0.249923,184,0.413284,0.043134
7.5701,51.956235,0.230864,-0.011144,-0.000000,0.019951,0.045788,0,0.249923,194,0.411891,0.045096
7.5801,51.956420,0.230864,-0.005790,-0.000000,0.028749,0.038118,0,0.249923,204,0.410858,0.045652
7.5901,51.956832,0.230864,0.013410,-0.000000,0.025348,0.038118,0,0.249923,214,0.412610,0.045291
7.6001,51.956339,0.231631,0.000045,-0.000000,0.035666,0.028914,0,0.249923,224,0.412862,0.045281
7.6101,51.956627,0.230864,0.004310,-0.000000,0.018180,0.045788,0,0.249923,234,0.413438,0.043156
7.6201,51.956505,0.230864,-0.016690,-0.000000,0.028596,0.038118,0,0.249923,244,0.411605,0.045028
7.6301,51.956832,0.230864,0.008696,-0.000000,0.025850,0.038118,0,0.249923,254,0.412238,0.044623
7.6401,51.956344,0.231631,0.014674,-0.000000,0.035183,0.028914,0,0.249923,8,0.412523,0.046326
7.6501,51.956722,0.230864,-0.004153,-0.000000,0.018281,0.045788,0,0.249923,18,0.413104,0.046501
7.6601,51.956590,0.230864,-0.022922,-0.000000,0.029815,0.038118,0,0.249923,28,0.412345,0.045626
7.6701,51.957036,0.230864,0.028272,-0.000000,0.025330,0.038118,0,0.249923,38,0.412821,0.045468
7.6801,51.956818,0.230864,0.002746,-0.000000,0.026053,0.038118,0,0.249923,48,0.412919,0.046099
7.6901,51.956918,0.231631,0.007543,-0.000000,0.035439,0.028914,0,0.249923,58,0.412561,0.046378
7.7001,51.956725,0.230864,-0.004128,-0.000000,0.018566,0.045788,0,0.249923,68,0.413094,0.045974
7.7101,51.956890,0.231631,-0.013688,-0.000000,0.037853,0.028914,0,0.249923,78,0.412258,0.047029
7.7201,51.956922,0.230864,0.007693,-0.000000,0.018385,0.045788,0,0.249923,88,0.412951,0.046256
7.7301,51.956616,0.230864,-0.001971,-0.000000,0.028101,0.038118,0,0.249923,98,0.411963,0.046988
7.7401,51.957505,0.230864,0.015903,-0.000000,0.025488,0.038118,0,0.249923,108,0.413323,0.047460
7.7501,51.956725,0.231631,-0.002254,-0.000000,0.035613,0.028914,0,0.249923,118,0.412861,0.048040
7.7601,51.957081,0.230864,-0.016518,-0.000000,0.020235,0.045788,0,0.249923,128,0.412938,0.047139
7.7701,51.957078,0.230864,-0.018765,-0.000000,0.028843,0.038118,0,0.249923,138,0.412313,0.046990
7.7801,51.957311,0.230864,0.011387,-0.000000,0.026002,0.038118,0,0.249923,148,0.413076,0.046628
7.7901,51.956823,0.231631,0.002968,-0.000000,0.035498,0.028914,0,0.249923,158,0.413510,0.047170
7.8001,51.957295,0.231631,-0.000855,-0.000000,0.028190,0.036584,0,0.249923,168,0.413229,0.047688
7.8101,51.957168,0.230864,-0.026341,-0.000000,0.021259,0.045788,0,0.249923,178,0.412081,0.046755
7.8201,51.957585,0.230864,0.003559,-0.000000,0.028007,0.038118,0,0.249923,188,0.412553,0.046495
7.8301,51.957324,0.230864,0.019999,-0.000000,0.025579,0.038118,0,0.249923,198,0.413892,0.047059
7.8401,51.957012,0.230864,-0.001707,-0.000000,0.026949,0.038118,0,0.249923,208,0.413418,0.047664
7.8501,51.957212,0.231631,0.006144,-0.000000,0.036027,0.028914,0,0.249923,218,0.413298,0.047498
7.8601,51.957188,0.230864,-0.007092,-0.000000,0.020042,0.045788,0,0.249923,228,0.413025,0.046428
7.8701,51.957284,0.230864,-0.007421,-0.000000,0.028800,0.038118,0,0.249923,238,0.411489,0.050471
7.8801,51.957688,0.230864,0.007770,-0.000000,0.025550,0.038118,0,0.249923,248,0.412965,0.050036
7.8901,51.956916,0.231631,0.003013,-0.000000,0.036410,0.028914,0,0.249923,2,0.413640,0.048646
7.9001,51.957277,0.230864,-0.013588,-0.000000,0.019926,0.045788,0,0.249923,12,0.413429,0.048704
7.9101,51.957377,0.230864,-0.015133,-0.000000,0.029434,0.038118,0,0.249923,22,0.411535,0.050649
7.9201,51.957888,0.230864,0.006241,-0.000000,0.026667,0.038118,0,0.249923,32,0.412140,0.049776
7.9301,51.957199,0.230864,0.001335,-0.000000,0.027117,0.038118,0,0.249923,42,0.413075,0.050712
7.9401,51.957683,0.231631,0.006234,-0.000000,0.035562,0.028914,0,0.249923,52,0.413242,0.051343
7.9501,51.957571,0.230864,-0.012420,-0.000000,0.020946,0.045788,0,0.249923,62,0.413081,0.050611
7.9601,51.957669,0.230864,-0.014273,-0.000000,0.029573,0.038118,0,0.249923,72,0.411658,0.051337
7.9701,51.957880,0.230864,0.013303,-0.000000,0.027253,0.038118,0,0.249923,82,0.412902,0.051575
7.9801,51.957402,0.231631,0.006859,-0.000000,0.035547,0.028914,0,0.249923,92,0.413432,0.051911
7.9901,51.957767,0.230864,-0.009330,-0.000000,0.019729,0.045788,0,0.249923,102,0.413832,0.052180
